scenario,n,replication,status,method,bandwidth_multiplier,coordinate,coordinate_name,estimate,target,target_mcse,error,squared_error,estimated_se,coverage_95,interval_width_95,curvature_min_eigenvalue,fit_seconds,fit_initialization,fit_classification_objective,fit_objective_gap,fit_admissible_candidates,fit_total_candidates,fit_selected_admissible,fit_minimum_weight,minimum_kernel_support,bandwidth_diagnostics,boundary_shrinkage_factor,raw_generalized_boundary_eigenvalue,error_message
nsn_p2_strong_balanced,8000,116,corrected_raw_failed,corrected_raw,0.75,,,,,,,,,,,,21.03049808400101,gmm,-3.1782084852428127,0.0,4.0,4.0,True,0.488625,,,1.0,1.2080377347422362,LinAlgError: Estimated positive curvature is not positive definite: minimum eigenvalue=-0.00412225.
nsn_p2_strong_balanced,8000,116,corrected_raw_failed,corrected_raw,1.0,,,,,,,,,,,,21.03049808400101,gmm,-3.1782084852428127,0.0,4.0,4.0,True,0.488625,,,1.0,1.068073063483216,LinAlgError: Estimated positive curvature is not positive definite: minimum eigenvalue=-0.000767357.
nsn_p2_strong_balanced,8000,216,corrected_raw_failed,corrected_raw,0.75,,,,,,,,,,,,22.99266152401105,kmeans,-3.194893137486324,0.0159890046804278,4.0,4.0,True,0.48175,,,1.0,1.0522207586299237,LinAlgError: Estimated positive curvature is not positive definite: minimum eigenvalue=-0.000994538.
nsn_p2_strong_balanced,8000,381,corrected_raw_failed,corrected_raw,0.75,,,,,,,,,,,,21.61927329399623,gmm,-3.182997759639237,2.857765363684095e-05,4.0,4.0,True,0.478125,,,1.0,1.3173897354631936,LinAlgError: Estimated positive curvature is not positive definite: minimum eigenvalue=-0.00316826.
nsn_p2_strong_balanced,8000,381,corrected_raw_failed,corrected_raw,1.0,,,,,,,,,,,,21.61927329399623,gmm,-3.182997759639237,2.857765363684095e-05,4.0,4.0,True,0.478125,,,1.0,1.1632579881945078,LinAlgError: Estimated positive curvature is not positive definite: minimum eigenvalue=-0.00124542.
nsn_p2_strong_balanced,8000,429,corrected_raw_failed,corrected_raw,0.75,,,,,,,,,,,,32.06419214900234,kmeans,-3.186618880377472,0.0171236257507816,4.0,4.0,True,0.474,,,1.0,1.130445715726665,LinAlgError: Estimated positive curvature is not positive definite: minimum eigenvalue=-0.000728387.
nsn_p2_strong_balanced,8000,443,corrected_raw_failed,corrected_raw,0.75,,,,,,,,,,,,20.4062460080022,kmeans,-3.180305049161525,0.0002311725426897,4.0,4.0,True,0.481125,,,1.0,1.241612859171961,LinAlgError: Estimated positive curvature is not positive definite: minimum eigenvalue=-0.00178381.
nsn_p2_strong_balanced,8000,443,corrected_raw_failed,corrected_raw,1.0,,,,,,,,,,,,20.4062460080022,kmeans,-3.180305049161525,0.0002311725426897,4.0,4.0,True,0.481125,,,1.0,1.0761860564738095,LinAlgError: Estimated positive curvature is not positive definite: minimum eigenvalue=-0.000463904.
nsn_p2_strong_balanced,8000,471,corrected_raw_failed,corrected_raw,0.75,,,,,,,,,,,,25.004965804022504,kmeans,-3.2014950002812186,0.0131862739187753,4.0,4.0,True,0.47575,,,1.0,1.1879912033786133,LinAlgError: Estimated positive curvature is not positive definite: minimum eigenvalue=-0.00114302.
nsn_p2_strong_balanced,8000,491,corrected_raw_failed,corrected_raw,0.75,,,,,,,,,,,,27.00759905599989,gmm,-3.186571874274141,3.515466776526921e-05,4.0,4.0,True,0.47525,,,1.0,1.161945926520068,LinAlgError: Estimated positive curvature is not positive definite: minimum eigenvalue=-0.0965166.
nsn_p2_strong_balanced,8000,491,corrected_raw_failed,corrected_raw,1.0,,,,,,,,,,,,27.00759905599989,gmm,-3.186571874274141,3.515466776526921e-05,4.0,4.0,True,0.47525,,,1.0,1.1116234277614931,LinAlgError: Estimated positive curvature is not positive definite: minimum eigenvalue=-0.0567723.
nsn_p2_strong_balanced,8000,491,corrected_raw_failed,corrected_raw,1.5,,,,,,,,,,,,27.00759905599989,gmm,-3.186571874274141,3.515466776526921e-05,4.0,4.0,True,0.47525,,,1.0,1.06446315822403,LinAlgError: Estimated positive curvature is not positive definite: minimum eigenvalue=-0.0286093.
nt_p2_strong_balanced,8000,10,corrected_raw_failed,corrected_raw,0.75,,,,,,,,,,,,26.107490252004936,kmeans,-3.550249777457476,0.0205234777174827,4.0,4.0,True,0.485875,,,1.0,1.0009208031302763,LinAlgError: Estimated positive curvature is not positive definite: minimum eigenvalue=-0.000273036.
nt_p2_strong_balanced,8000,10,corrected_raw_failed,corrected_raw,1.0,,,,,,,,,,,,26.107490252004936,kmeans,-3.550249777457476,0.0205234777174827,4.0,4.0,True,0.485875,,,1.0,1.0017915543205065,LinAlgError: Estimated positive curvature is not positive definite: minimum eigenvalue=-0.000536222.
nt_p2_strong_balanced,8000,31,corrected_raw_failed,corrected_raw,0.75,,,,,,,,,,,,22.32634637807496,kmeans,-3.5521727344764646,1.0006517137561843e-05,4.0,4.0,True,0.4865,,,1.0,1.0184042094872905,LinAlgError: Estimated positive curvature is not positive definite: minimum eigenvalue=-0.00665051.
nt_p2_strong_balanced,8000,58,corrected_raw_failed,corrected_raw,0.75,,,,,,,,,,,,21.80809039901942,kmeans,-3.5748821486740145,0.0001526602888315,4.0,4.0,True,0.471125,,,1.0,1.0618143012655958,LinAlgError: Estimated positive curvature is not positive definite: minimum eigenvalue=-0.021875.
nt_p2_strong_balanced,8000,58,corrected_raw_failed,corrected_raw,1.0,,,,,,,,,,,,21.80809039901942,kmeans,-3.5748821486740145,0.0001526602888315,4.0,4.0,True,0.471125,,,1.0,1.0619396734073518,LinAlgError: Estimated positive curvature is not positive definite: minimum eigenvalue=-0.0219423.
nt_p2_strong_balanced,8000,58,corrected_raw_failed,corrected_raw,1.5,,,,,,,,,,,,21.80809039901942,kmeans,-3.5748821486740145,0.0001526602888315,4.0,4.0,True,0.471125,,,1.0,1.0316514853409036,LinAlgError: Estimated positive curvature is not positive definite: minimum eigenvalue=-0.0106399.
nt_p2_strong_balanced,8000,78,corrected_raw_failed,corrected_raw,0.75,,,,,,,,,,,,22.297867266926914,kmeans,-3.541842352539161,0.0258112028801531,4.0,4.0,True,0.474625,,,1.0,1.0230395888568986,LinAlgError: Estimated positive curvature is not positive definite: minimum eigenvalue=-0.0081014.
nt_p2_strong_balanced,8000,96,corrected_raw_failed,corrected_raw,0.75,,,,,,,,,,,,20.121418258873742,kmeans,-3.5673107935460884,0.000339665898664,4.0,4.0,True,0.454875,,,1.0,1.0208710339309823,LinAlgError: Estimated positive curvature is not positive definite: minimum eigenvalue=-0.00713949.
nt_p2_strong_balanced,8000,96,corrected_raw_failed,corrected_raw,1.0,,,,,,,,,,,,20.121418258873742,kmeans,-3.5673107935460884,0.000339665898664,4.0,4.0,True,0.454875,,,1.0,1.0136563194639523,LinAlgError: Estimated positive curvature is not positive definite: minimum eigenvalue=-0.00458199.
nt_p2_strong_balanced,8000,96,corrected_raw_failed,corrected_raw,1.5,,,,,,,,,,,,20.121418258873742,kmeans,-3.5673107935460884,0.000339665898664,4.0,4.0,True,0.454875,,,1.0,1.005149903231963,LinAlgError: Estimated positive curvature is not positive definite: minimum eigenvalue=-0.00180047.
nt_p2_strong_balanced,8000,129,corrected_raw_failed,corrected_raw,0.75,,,,,,,,,,,,23.092315091984347,kmeans,-3.5527854733194406,0.0220818415700896,4.0,4.0,True,0.4835,,,1.0,1.054551809906778,LinAlgError: Estimated positive curvature is not positive definite: minimum eigenvalue=-0.0206103.
nt_p2_strong_balanced,8000,129,corrected_raw_failed,corrected_raw,1.0,,,,,,,,,,,,23.092315091984347,kmeans,-3.5527854733194406,0.0220818415700896,4.0,4.0,True,0.4835,,,1.0,1.032512605791288,LinAlgError: Estimated positive curvature is not positive definite: minimum eigenvalue=-0.0118592.
nt_p2_strong_balanced,8000,175,corrected_raw_failed,corrected_raw,0.75,,,,,,,,,,,,21.64773657498881,kmeans,-3.5734472005712496,4.750838945444258e-05,4.0,4.0,True,0.47075,,,1.0,1.0025609417586658,LinAlgError: Estimated positive curvature is not positive definite: minimum eigenvalue=-0.00113848.
nt_p2_strong_balanced,8000,205,corrected_raw_failed,corrected_raw,0.75,,,,,,,,,,,,23.47031050384976,kmeans,-3.5843869856670727,0.0357053062293157,4.0,4.0,True,0.447625,,,1.0,1.048107034478731,LinAlgError: Estimated positive curvature is not positive definite: minimum eigenvalue=-0.0169433.
nt_p2_strong_balanced,8000,205,corrected_raw_failed,corrected_raw,1.0,,,,,,,,,,,,23.47031050384976,kmeans,-3.5843869856670727,0.0357053062293157,4.0,4.0,True,0.447625,,,1.0,1.041428945284237,LinAlgError: Estimated positive curvature is not positive definite: minimum eigenvalue=-0.0143208.
nt_p2_strong_balanced,8000,205,corrected_raw_failed,corrected_raw,1.5,,,,,,,,,,,,23.47031050384976,kmeans,-3.5843869856670727,0.0357053062293157,4.0,4.0,True,0.447625,,,1.0,1.00792217260056,LinAlgError: Estimated positive curvature is not positive definite: minimum eigenvalue=-0.00246235.
nt_p2_strong_balanced,8000,212,corrected_raw_failed,corrected_raw,0.75,,,,,,,,,,,,22.17715985211544,kmeans,-3.580306654839641,1.998348006715389e-05,4.0,4.0,True,0.4715,,,1.0,1.086155270041533,LinAlgError: Estimated positive curvature is not positive definite: minimum eigenvalue=-0.0355228.
nt_p2_strong_balanced,8000,212,corrected_raw_failed,corrected_raw,1.0,,,,,,,,,,,,22.17715985211544,kmeans,-3.580306654839641,1.998348006715389e-05,4.0,4.0,True,0.4715,,,1.0,1.0413181088762415,LinAlgError: Estimated positive curvature is not positive definite: minimum eigenvalue=-0.0157258.
nt_p2_strong_balanced,8000,212,corrected_raw_failed,corrected_raw,1.5,,,,,,,,,,,,22.17715985211544,kmeans,-3.580306654839641,1.998348006715389e-05,4.0,4.0,True,0.4715,,,1.0,1.0153820115424748,LinAlgError: Estimated positive curvature is not positive definite: minimum eigenvalue=-0.00546294.
nt_p2_strong_balanced,8000,217,corrected_raw_failed,corrected_raw,0.75,,,,,,,,,,,,23.251815520925447,kmeans,-3.5631134010419063,0.0008853847729883,4.0,4.0,True,0.4515,,,1.0,1.0297442183608307,LinAlgError: Estimated positive curvature is not positive definite: minimum eigenvalue=-0.0129551.
nt_p2_strong_balanced,8000,217,corrected_raw_failed,corrected_raw,1.0,,,,,,,,,,,,23.251815520925447,kmeans,-3.5631134010419063,0.0008853847729883,4.0,4.0,True,0.4515,,,1.0,1.0190753184214598,LinAlgError: Estimated positive curvature is not positive definite: minimum eigenvalue=-0.00853795.
nt_p2_strong_balanced,8000,232,corrected_raw_failed,corrected_raw,0.75,,,,,,,,,,,,21.881643692962825,kmeans,-3.57584343904541,0.0001441231504037,4.0,4.0,True,0.470875,,,1.0,1.0528158706336734,LinAlgError: Estimated positive curvature is not positive definite: minimum eigenvalue=-0.0192459.
nt_p2_strong_balanced,8000,232,corrected_raw_failed,corrected_raw,1.0,,,,,,,,,,,,21.881643692962825,kmeans,-3.57584343904541,0.0001441231504037,4.0,4.0,True,0.470875,,,1.0,1.036589571518564,LinAlgError: Estimated positive curvature is not positive definite: minimum eigenvalue=-0.0129843.
nt_p2_strong_balanced,8000,232,corrected_raw_failed,corrected_raw,1.5,,,,,,,,,,,,21.881643692962825,kmeans,-3.57584343904541,0.0001441231504037,4.0,4.0,True,0.470875,,,1.0,1.0010909098965113,LinAlgError: Estimated positive curvature is not positive definite: minimum eigenvalue=-0.00034842.
nt_p2_strong_balanced,8000,278,corrected_raw_failed,corrected_raw,0.75,,,,,,,,,,,,23.51497761392966,kmeans,-3.5921537866793827,0.023166424338763,4.0,4.0,True,0.47025,,,1.0,1.0072313146516392,LinAlgError: Estimated positive curvature is not positive definite: minimum eigenvalue=-0.00300913.
nt_p2_strong_balanced,8000,316,corrected_raw_failed,corrected_raw,0.75,,,,,,,,,,,,21.49154545296915,kmeans,-3.58290496232097,6.245926541570412e-05,4.0,4.0,True,0.458375,,,1.0,1.0310880691758777,LinAlgError: Estimated positive curvature is not positive definite: minimum eigenvalue=-0.0117464.
nt_p2_strong_balanced,8000,316,corrected_raw_failed,corrected_raw,1.0,,,,,,,,,,,,21.49154545296915,kmeans,-3.58290496232097,6.245926541570412e-05,4.0,4.0,True,0.458375,,,1.0,1.0143459053681354,LinAlgError: Estimated positive curvature is not positive definite: minimum eigenvalue=-0.00546811.
nt_p2_strong_balanced,8000,342,corrected_raw_failed,corrected_raw,0.75,,,,,,,,,,,,21.71702303993516,kmeans,-3.558883307578076,0.00011982480479,4.0,4.0,True,0.47075,,,1.0,1.0187143316765934,LinAlgError: Estimated positive curvature is not positive definite: minimum eigenvalue=-0.00751806.
nt_p2_strong_balanced,8000,342,corrected_raw_failed,corrected_raw,1.0,,,,,,,,,,,,21.71702303993516,kmeans,-3.558883307578076,0.00011982480479,4.0,4.0,True,0.47075,,,1.0,1.0237259822678566,LinAlgError: Estimated positive curvature is not positive definite: minimum eigenvalue=-0.00926013.
nt_p2_strong_balanced,8000,351,corrected_raw_failed,corrected_raw,0.75,,,,,,,,,,,,19.230531840003096,kmeans,-3.548660137394856,0.0001397747310059,4.0,4.0,True,0.461625,,,1.0,1.0350916968682515,LinAlgError: Estimated positive curvature is not positive definite: minimum eigenvalue=-0.0185751.
nt_p2_strong_balanced,8000,359,corrected_raw_failed,corrected_raw,0.75,,,,,,,,,,,,21.580909091979265,gmm,-3.550135907601258,2.016471611465676e-06,4.0,4.0,True,0.49325,,,1.0,1.0316935771699989,LinAlgError: Estimated positive curvature is not positive definite: minimum eigenvalue=-0.0111396.
nt_p2_strong_balanced,8000,359,corrected_raw_failed,corrected_raw,1.0,,,,,,,,,,,,21.580909091979265,gmm,-3.550135907601258,2.016471611465676e-06,4.0,4.0,True,0.49325,,,1.0,1.0151075493196582,LinAlgError: Estimated positive curvature is not positive definite: minimum eigenvalue=-0.00506538.
nt_p2_strong_balanced,8000,381,corrected_raw_failed,corrected_raw,0.75,,,,,,,,,,,,20.31113046599785,kmeans,-3.548163148645076,0.0246769039025931,4.0,4.0,True,0.472875,,,1.0,1.0783925336267568,LinAlgError: Estimated positive curvature is not positive definite: minimum eigenvalue=-0.0312647.
nt_p2_strong_balanced,8000,381,corrected_raw_failed,corrected_raw,1.0,,,,,,,,,,,,20.31113046599785,kmeans,-3.548163148645076,0.0246769039025931,4.0,4.0,True,0.472875,,,1.0,1.0397785191761186,LinAlgError: Estimated positive curvature is not positive definite: minimum eigenvalue=-0.0154604.
nt_p2_strong_balanced,8000,381,corrected_raw_failed,corrected_raw,1.5,,,,,,,,,,,,20.31113046599785,kmeans,-3.548163148645076,0.0246769039025931,4.0,4.0,True,0.472875,,,1.0,1.011333839231526,LinAlgError: Estimated positive curvature is not positive definite: minimum eigenvalue=-0.00400253.
nt_p2_strong_balanced,8000,385,corrected_raw_failed,corrected_raw,0.75,,,,,,,,,,,,18.749819829012267,kmeans,-3.562353995278655,0.0001305874674955,4.0,4.0,True,0.470125,,,1.0,1.0411363787300283,LinAlgError: Estimated positive curvature is not positive definite: minimum eigenvalue=-0.0153332.
nt_p2_strong_balanced,8000,385,corrected_raw_failed,corrected_raw,1.0,,,,,,,,,,,,18.749819829012267,kmeans,-3.562353995278655,0.0001305874674955,4.0,4.0,True,0.470125,,,1.0,1.0361091873385024,LinAlgError: Estimated positive curvature is not positive definite: minimum eigenvalue=-0.0138141.
nt_p2_strong_balanced,8000,385,corrected_raw_failed,corrected_raw,1.5,,,,,,,,,,,,18.749819829012267,kmeans,-3.562353995278655,0.0001305874674955,4.0,4.0,True,0.470125,,,1.0,1.0017488848990672,LinAlgError: Estimated positive curvature is not positive definite: minimum eigenvalue=-0.000645488.
nt_p2_strong_balanced,8000,402,corrected_raw_failed,corrected_raw,0.75,,,,,,,,,,,,20.364155605988344,kmeans,-3.564623024734649,0.0309802252023434,4.0,4.0,True,0.46325,,,1.0,1.0203594939862612,LinAlgError: Estimated positive curvature is not positive definite: minimum eigenvalue=-0.00885783.
ntsn_p2_moderate_balanced,4000,0,corrected_raw_failed,corrected_raw,0.75,,,,,,,,,,,,37.69600478000939,kmeans,-3.8380457247898394,0.0080234365065656,12.0,12.0,True,0.29325,,,1.0,1.0701308620259966,LinAlgError: Estimated positive curvature is not positive definite: minimum eigenvalue=-0.00163141.
ntsn_p2_moderate_balanced,4000,17,corrected_raw_failed,corrected_raw,0.75,,,,,,,,,,,,35.28615310997702,kmeans,-3.83918128634845,3.2038248675370085e-05,12.0,12.0,True,0.305,,,1.0,1.3404988272057885,LinAlgError: Estimated positive curvature is not positive definite: minimum eigenvalue=-0.0043932.
ntsn_p2_moderate_balanced,4000,17,corrected_raw_failed,corrected_raw,1.0,,,,,,,,,,,,35.28615310997702,kmeans,-3.83918128634845,3.2038248675370085e-05,12.0,12.0,True,0.305,,,1.0,1.192968228813609,LinAlgError: Estimated positive curvature is not positive definite: minimum eigenvalue=-0.0020129.
ntsn_p2_moderate_balanced,4000,23,corrected_raw_failed,corrected_raw,0.75,,,,,,,,,,,,36.4749943150091,kmeans,-3.8869493892904607,6.334083632708598e-05,12.0,12.0,True,0.31225,,,1.0,1.255128602896709,LinAlgError: Estimated positive curvature is not positive definite: minimum eigenvalue=-0.00259814.
ntsn_p2_moderate_balanced,4000,24,fit_or_naive_failed,fit,,,,,,,,,,,,,30.065561017981963,,,,,,,,,,,,LinAlgError: Estimated positive curvature is not positive definite: minimum eigenvalue=-0.000349753.
ntsn_p2_moderate_balanced,4000,52,fit_or_naive_failed,fit,,,,,,,,,,,,,33.50853084001574,,,,,,,,,,,,LinAlgError: Estimated positive curvature is not positive definite: minimum eigenvalue=-0.0034615.
ntsn_p2_moderate_balanced,4000,97,fit_or_naive_failed,fit,,,,,,,,,,,,,36.12910362399998,,,,,,,,,,,,LinAlgError: Estimated positive curvature is not positive definite: minimum eigenvalue=-0.000509171.
ntsn_p2_moderate_balanced,4000,117,corrected_raw_failed,corrected_raw,0.75,,,,,,,,,,,,33.569584162090905,kmeans,-3.879282631331327,0.0002522507658744,12.0,12.0,True,0.297,,,1.0,2.2958610946607183,LinAlgError: Estimated positive curvature is not positive definite: minimum eigenvalue=-0.00600239.
ntsn_p2_moderate_balanced,4000,117,corrected_raw_failed,corrected_raw,1.0,,,,,,,,,,,,33.569584162090905,kmeans,-3.879282631331327,0.0002522507658744,12.0,12.0,True,0.297,,,1.0,1.9411655801100796,LinAlgError: Estimated positive curvature is not positive definite: minimum eigenvalue=-0.00249036.
ntsn_p2_moderate_balanced,4000,117,corrected_raw_failed,corrected_raw,1.5,,,,,,,,,,,,33.569584162090905,kmeans,-3.879282631331327,0.0002522507658744,12.0,12.0,True,0.297,,,1.0,1.4376839113097888,LinAlgError: Estimated positive curvature is not positive definite: minimum eigenvalue=-0.000747033.
ntsn_p2_moderate_balanced,4000,152,fit_or_naive_failed,fit,,,,,,,,,,,,,35.026923458091915,,,,,,,,,,,,LinAlgError: Estimated positive curvature is not positive definite: minimum eigenvalue=-0.000539926.
ntsn_p2_moderate_balanced,4000,176,corrected_raw_failed,corrected_raw,0.75,,,,,,,,,,,,35.94502163794823,kmeans,-3.8702139514133904,0.0009712035197368,10.0,12.0,True,0.305,,,1.0,1.0364405150991276,LinAlgError: Estimated positive curvature is not positive definite: minimum eigenvalue=-0.00153384.
ntsn_p2_moderate_balanced,4000,191,corrected_raw_failed,corrected_raw,0.75,,,,,,,,,,,,38.65923358802684,kmeans,-3.845946486546784,0.0010798112028296,8.0,12.0,True,0.2955,,,1.0,1.035268186120784,LinAlgError: Estimated positive curvature is not positive definite: minimum eigenvalue=-0.00434351.
ntsn_p2_moderate_balanced,4000,195,fit_or_naive_failed,fit,,,,,,,,,,,,,38.579661411000416,,,,,,,,,,,,LinAlgError: Estimated positive curvature is not positive definite: minimum eigenvalue=-0.00305698.
ntsn_p2_moderate_balanced,4000,201,fit_or_naive_failed,fit,,,,,,,,,,,,,39.686511602951214,,,,,,,,,,,,LinAlgError: Estimated positive curvature is not positive definite: minimum eigenvalue=-0.000923271.
ntsn_p2_moderate_balanced,4000,210,fit_or_naive_failed,fit,,,,,,,,,,,,,35.127693047048524,,,,,,,,,,,,LinAlgError: Estimated positive curvature is not positive definite: minimum eigenvalue=-0.00174319.
ntsn_p2_moderate_balanced,4000,213,corrected_raw_failed,corrected_raw,0.75,,,,,,,,,,,,43.32282622298226,gmm,-3.8690323701136458,2.0788254873060907e-05,12.0,12.0,True,0.303,,,1.0,1.2577853903599374,LinAlgError: Estimated positive curvature is not positive definite: minimum eigenvalue=-0.00369507.
ntsn_p2_moderate_balanced,4000,268,corrected_raw_failed,corrected_raw,1.0,,,,,,,,,,,,35.65611653006636,kmeans,-3.875638369684671,0.0,12.0,12.0,True,0.3035,,,1.0,1.969022278267276,LinAlgError: Estimated positive curvature is not positive definite: minimum eigenvalue=-0.0259605.
ntsn_p2_moderate_balanced,4000,268,corrected_raw_failed,corrected_raw,1.5,,,,,,,,,,,,35.65611653006636,kmeans,-3.875638369684671,0.0,12.0,12.0,True,0.3035,,,1.0,1.9337263528259412,LinAlgError: Estimated positive curvature is not positive definite: minimum eigenvalue=-0.0255506.
ntsn_p2_moderate_balanced,4000,277,corrected_raw_failed,corrected_raw,0.75,,,,,,,,,,,,38.54396599391475,kmeans,-3.869665696965262,0.0048876849942947,10.0,12.0,True,0.30575,,,1.0,1.0564910244085093,LinAlgError: Estimated positive curvature is not positive definite: minimum eigenvalue=-0.000852614.
ntsn_p2_moderate_balanced,4000,306,corrected_raw_failed,corrected_raw,0.75,,,,,,,,,,,,32.54272457305342,gmm,-3.8662658228618256,0.0,12.0,12.0,True,0.29775,,,1.0,6.4318128439199445,LinAlgError: Estimated positive curvature is not positive definite: minimum eigenvalue=-0.00175952.
ntsn_p2_moderate_balanced,4000,306,corrected_raw_failed,corrected_raw,1.0,,,,,,,,,,,,32.54272457305342,gmm,-3.8662658228618256,0.0,12.0,12.0,True,0.29775,,,1.0,5.039933744761907,LinAlgError: Estimated positive curvature is not positive definite: minimum eigenvalue=-0.00109464.
ntsn_p2_moderate_balanced,4000,306,corrected_raw_failed,corrected_raw,1.5,,,,,,,,,,,,32.54272457305342,gmm,-3.8662658228618256,0.0,12.0,12.0,True,0.29775,,,1.0,3.870977674544359,LinAlgError: Estimated positive curvature is not positive definite: minimum eigenvalue=-0.000679565.
ntsn_p2_moderate_balanced,4000,310,corrected_raw_failed,corrected_raw,0.75,,,,,,,,,,,,37.00713941804133,kmeans,-3.870495240860164,0.0022153855814739,8.0,12.0,True,0.298,,,1.0,1.098042059076145,LinAlgError: Estimated positive curvature is not positive definite: minimum eigenvalue=-0.000933815.
ntsn_p2_moderate_balanced,4000,322,corrected_raw_failed,corrected_raw,0.75,,,,,,,,,,,,33.64394195796922,kmeans,-3.885687580979127,0.002540680874191,12.0,12.0,True,0.305,,,1.0,1.1789684476976243,LinAlgError: Estimated positive curvature is not positive definite: minimum eigenvalue=-0.00122311.
ntsn_p2_moderate_balanced,4000,322,corrected_raw_failed,corrected_raw,1.0,,,,,,,,,,,,33.64394195796922,kmeans,-3.885687580979127,0.002540680874191,12.0,12.0,True,0.305,,,1.0,1.151367463362897,LinAlgError: Estimated positive curvature is not positive definite: minimum eigenvalue=-0.00102859.
ntsn_p2_moderate_balanced,4000,380,fit_or_naive_failed,fit,,,,,,,,,,,,,30.327061043004505,,,,,,,,,,,,LinAlgError: Estimated positive curvature is not positive definite: minimum eigenvalue=-0.00126382.
ntsn_p2_moderate_balanced,4000,398,corrected_raw_failed,corrected_raw,0.75,,,,,,,,,,,,32.55612912296783,kmeans,-3.858723777060563,0.0036053625005028,9.0,12.0,True,0.3005,,,1.0,2.6227104926399933,LinAlgError: Estimated positive curvature is not positive definite: minimum eigenvalue=-0.0610363.
ntsn_p2_moderate_balanced,4000,398,corrected_raw_failed,corrected_raw,1.0,,,,,,,,,,,,32.55612912296783,kmeans,-3.858723777060563,0.0036053625005028,9.0,12.0,True,0.3005,,,1.0,1.9821166398232708,LinAlgError: Estimated positive curvature is not positive definite: minimum eigenvalue=-0.0116856.
ntsn_p2_moderate_balanced,4000,398,corrected_raw_failed,corrected_raw,1.5,,,,,,,,,,,,32.55612912296783,kmeans,-3.858723777060563,0.0036053625005028,9.0,12.0,True,0.3005,,,1.0,1.3749394810929658,LinAlgError: Estimated positive curvature is not positive definite: minimum eigenvalue=-0.00246225.
ntsn_p2_moderate_balanced,4000,423,fit_or_naive_failed,fit,,,,,,,,,,,,,32.85681351099629,,,,,,,,,,,,LinAlgError: Estimated positive curvature is not positive definite: minimum eigenvalue=-6.64794e-05.
ntsn_p2_moderate_balanced,4000,446,corrected_raw_failed,corrected_raw,0.75,,,,,,,,,,,,30.87094791396521,kmeans,-3.876595489820406,0.0005028822974675,7.0,12.0,True,0.30675,,,1.0,1.1527857231130665,LinAlgError: Estimated positive curvature is not positive definite: minimum eigenvalue=-0.00185676.
ntsn_p2_moderate_balanced,4000,462,corrected_raw_failed,corrected_raw,0.75,,,,,,,,,,,,37.89356106799096,kmeans,-3.830056929330457,0.0042596417586642,7.0,12.0,True,0.2945,,,1.0,1.1398507920102514,LinAlgError: Estimated positive curvature is not positive definite: minimum eigenvalue=-0.00159299.
ntsn_p2_moderate_balanced,4000,479,fit_or_naive_failed,fit,,,,,,,,,,,,,32.05281247093808,,,,,,,,,,,,LinAlgError: Estimated positive curvature is not positive definite: minimum eigenvalue=-0.00125808.
ntsn_p2_moderate_balanced,4000,490,corrected_raw_failed,corrected_raw,0.75,,,,,,,,,,,,32.19330918707419,kmeans,-3.862709145325201,6.147934754130446e-05,12.0,12.0,True,0.29225,,,1.0,1.7183006332370052,LinAlgError: Estimated positive curvature is not positive definite: minimum eigenvalue=-0.0152474.
ntsn_p2_moderate_balanced,4000,490,corrected_raw_failed,corrected_raw,1.0,,,,,,,,,,,,32.19330918707419,kmeans,-3.862709145325201,6.147934754130446e-05,12.0,12.0,True,0.29225,,,1.0,2.268686153632084,LinAlgError: Estimated positive curvature is not positive definite: minimum eigenvalue=-0.079722.
ntsn_p2_moderate_balanced,4000,490,corrected_raw_failed,corrected_raw,1.5,,,,,,,,,,,,32.19330918707419,kmeans,-3.862709145325201,6.147934754130446e-05,12.0,12.0,True,0.29225,,,1.0,2.016827430630964,LinAlgError: Estimated positive curvature is not positive definite: minimum eigenvalue=-0.040392.
ntsn_p2_moderate_balanced,4000,491,corrected_raw_failed,corrected_raw,1.0,,,,,,,,,,,,33.36866911803372,kmeans,-3.8641100170245912,0.0001343897921075,12.0,12.0,True,0.2945,,,1.0,1.3875328886071796,LinAlgError: Estimated positive curvature is not positive definite: minimum eigenvalue=-0.00315385.
ntsn_p2_moderate_balanced,4000,491,corrected_raw_failed,corrected_raw,1.5,,,,,,,,,,,,33.36866911803372,kmeans,-3.8641100170245912,0.0001343897921075,12.0,12.0,True,0.2945,,,1.0,1.419477885810247,LinAlgError: Estimated positive curvature is not positive definite: minimum eigenvalue=-0.00351829.
ntsn_p5_moderate_balanced,4000,3,corrected_raw_failed,corrected_raw,0.75,,,,,,,,,,,,36.162098648026586,kmeans,-8.289601674794927,0.0028722569770565,7.0,12.0,True,0.296,,,1.0,1.277236762703755,LinAlgError: Estimated positive curvature is not positive definite: minimum eigenvalue=-0.00521238.
ntsn_p5_moderate_balanced,4000,3,corrected_raw_failed,corrected_raw,1.0,,,,,,,,,,,,36.162098648026586,kmeans,-8.289601674794927,0.0028722569770565,7.0,12.0,True,0.296,,,1.0,1.1827864873931233,LinAlgError: Estimated positive curvature is not positive definite: minimum eigenvalue=-0.00241633.
ntsn_p5_moderate_balanced,4000,3,corrected_raw_failed,corrected_raw,1.5,,,,,,,,,,,,36.162098648026586,kmeans,-8.289601674794927,0.0028722569770565,7.0,12.0,True,0.296,,,1.0,1.0982700862568424,LinAlgError: Estimated positive curvature is not positive definite: minimum eigenvalue=-0.00111697.
ntsn_p5_moderate_balanced,4000,5,corrected_raw_failed,corrected_raw,0.75,,,,,,,,,,,,40.96512846800033,kmeans,-8.316420148769865,0.0011480598338202,12.0,12.0,True,0.301,,,1.0,1.126084590219543,LinAlgError: Estimated positive curvature is not positive definite: minimum eigenvalue=-0.0381189.
ntsn_p5_moderate_balanced,4000,9,corrected_raw_failed,corrected_raw,0.75,,,,,,,,,,,,39.11703104805201,kmeans,-8.275387469754827,0.0007599969766118,12.0,12.0,True,0.29675,,,1.0,1.0182212961102972,LinAlgError: Estimated positive curvature is not positive definite: minimum eigenvalue=-0.000629777.
ntsn_p5_moderate_balanced,4000,11,corrected_raw_failed,corrected_raw,0.75,,,,,,,,,,,,38.38385472691152,kmeans,-8.290977949801709,0.000702018290335,12.0,12.0,True,0.29225,,,1.0,1.209106926528303,LinAlgError: Estimated positive curvature is not positive definite: minimum eigenvalue=-0.00116877.
ntsn_p5_moderate_balanced,4000,11,corrected_raw_failed,corrected_raw,1.0,,,,,,,,,,,,38.38385472691152,kmeans,-8.290977949801709,0.000702018290335,12.0,12.0,True,0.29225,,,1.0,1.1775436363983367,LinAlgError: Estimated positive curvature is not positive definite: minimum eigenvalue=-0.00102996.
ntsn_p5_moderate_balanced,4000,11,corrected_raw_failed,corrected_raw,1.5,,,,,,,,,,,,38.38385472691152,kmeans,-8.290977949801709,0.000702018290335,12.0,12.0,True,0.29225,,,1.0,1.119717570436773,LinAlgError: Estimated positive curvature is not positive definite: minimum eigenvalue=-0.000738842.
ntsn_p5_moderate_balanced,4000,17,corrected_raw_failed,corrected_raw,1.0,,,,,,,,,,,,37.373818974010646,kmeans,-8.314070917545205,0.0049667678173879,12.0,12.0,True,0.304,,,1.0,1.016279235946758,LinAlgError: Estimated positive curvature is not positive definite: minimum eigenvalue=-0.000181262.
ntsn_p5_moderate_balanced,4000,19,corrected_raw_failed,corrected_raw,0.75,,,,,,,,,,,,39.761585730011575,kmeans,-8.338199932613007,0.0023037764367206,12.0,12.0,True,0.294,,,1.0,1.575690603906024,LinAlgError: Estimated positive curvature is not positive definite: minimum eigenvalue=-0.157349.
ntsn_p5_moderate_balanced,4000,19,corrected_raw_failed,corrected_raw,1.0,,,,,,,,,,,,39.761585730011575,kmeans,-8.338199932613007,0.0023037764367206,12.0,12.0,True,0.294,,,1.0,1.2587685085380755,LinAlgError: Estimated positive curvature is not positive definite: minimum eigenvalue=-0.0519241.
ntsn_p5_moderate_balanced,4000,21,corrected_raw_failed,corrected_raw,0.75,,,,,,,,,,,,38.06105487595778,gmm,-8.291929398330694,7.087840809383295e-05,7.0,12.0,True,0.28675,,,1.0,1.0078054104231269,LinAlgError: Estimated positive curvature is not positive definite: minimum eigenvalue=-0.00185317.
ntsn_p5_moderate_balanced,4000,24,fit_or_naive_failed,fit,,,,,,,,,,,,,37.58253014902584,,,,,,,,,,,,LinAlgError: Estimated positive curvature is not positive definite: minimum eigenvalue=-0.00121391.
ntsn_p5_moderate_balanced,4000,26,corrected_raw_failed,corrected_raw,0.75,,,,,,,,,,,,37.623617044999264,gmm,-8.279183041309992,4.455285794158215e-05,11.0,11.0,True,0.30225,,,1.0,1.0444004620389271,LinAlgError: Estimated positive curvature is not positive definite: minimum eigenvalue=-0.000976361.
ntsn_p5_moderate_balanced,4000,31,corrected_raw_failed,corrected_raw,0.75,,,,,,,,,,,,35.366855474887416,kmeans,-8.287001679761218,2.164421989192533e-06,12.0,12.0,True,0.297,,,1.0,1.0332094467458512,LinAlgError: Estimated positive curvature is not positive definite: minimum eigenvalue=-0.000244204.
ntsn_p5_moderate_balanced,4000,32,corrected_raw_failed,corrected_raw,0.75,,,,,,,,,,,,40.06991206889506,kmeans,-8.289287676003768,0.0003367875939321,12.0,12.0,True,0.2965,,,1.0,1.1400086378106278,LinAlgError: Estimated positive curvature is not positive definite: minimum eigenvalue=-0.000679094.
ntsn_p5_moderate_balanced,4000,36,corrected_raw_failed,corrected_raw,0.75,,,,,,,,,,,,38.07896308694035,kmeans,-8.289815733212583,0.0043669874811644,11.0,12.0,True,0.3025,,,1.0,1.0124294338791964,LinAlgError: Estimated positive curvature is not positive definite: minimum eigenvalue=-0.00071321.
ntsn_p5_moderate_balanced,4000,37,corrected_raw_failed,corrected_raw,0.75,,,,,,,,,,,,35.94785215705633,kmeans,-8.247132417558275,0.0024334965288215,12.0,12.0,True,0.2995,,,1.0,1.282792658107832,LinAlgError: Estimated positive curvature is not positive definite: minimum eigenvalue=-0.078641.
ntsn_p5_moderate_balanced,4000,37,corrected_raw_failed,corrected_raw,1.0,,,,,,,,,,,,35.94785215705633,kmeans,-8.247132417558275,0.0024334965288215,12.0,12.0,True,0.2995,,,1.0,1.143802214558495,LinAlgError: Estimated positive curvature is not positive definite: minimum eigenvalue=-0.01435.
ntsn_p5_moderate_balanced,4000,39,corrected_raw_failed,corrected_raw,0.75,,,,,,,,,,,,36.984756457968615,kmeans,-8.272800967211817,0.0040855245755562,3.0,12.0,True,0.2975,,,1.0,1.1119400687602257,LinAlgError: Estimated positive curvature is not positive definite: minimum eigenvalue=-0.0286604.
ntsn_p5_moderate_balanced,4000,42,corrected_raw_failed,corrected_raw,0.75,,,,,,,,,,,,40.56508492399007,gmm,-8.326724287124147,0.0,12.0,12.0,True,0.2875,,,1.0,1.1395856799973902,LinAlgError: Estimated positive curvature is not positive definite: minimum eigenvalue=-0.0373798.
ntsn_p5_moderate_balanced,4000,43,corrected_raw_failed,corrected_raw,1.0,,,,,,,,,,,,39.07021797902416,kmeans,-8.26583525067184,0.0059726575893463,12.0,12.0,True,0.30625,,,1.0,2.3621237093152008,LinAlgError: Estimated positive curvature is not positive definite: minimum eigenvalue=-0.0429499.
ntsn_p5_moderate_balanced,4000,43,corrected_raw_failed,corrected_raw,1.5,,,,,,,,,,,,39.07021797902416,kmeans,-8.26583525067184,0.0059726575893463,12.0,12.0,True,0.30625,,,1.0,2.56270117210303,LinAlgError: Estimated positive curvature is not positive definite: minimum eigenvalue=-0.0592463.
ntsn_p5_moderate_balanced,4000,45,corrected_raw_failed,corrected_raw,0.75,,,,,,,,,,,,27.889060415909626,gmm,-8.29901903911536,0.0,12.0,12.0,True,0.2905,,,1.0,1.197834694596312,LinAlgError: Estimated positive curvature is not positive definite: minimum eigenvalue=-0.0744543.
ntsn_p5_moderate_balanced,4000,45,corrected_raw_failed,corrected_raw,1.0,,,,,,,,,,,,27.889060415909626,gmm,-8.29901903911536,0.0,12.0,12.0,True,0.2905,,,1.0,1.084432186230198,LinAlgError: Estimated positive curvature is not positive definite: minimum eigenvalue=-0.0279609.
ntsn_p5_moderate_balanced,4000,46,corrected_raw_failed,corrected_raw,0.75,,,,,,,,,,,,29.778849018039185,kmeans,-8.23905170423675,0.0016886252827958,12.0,12.0,True,0.31175,,,1.0,1.1936895764957376,LinAlgError: Estimated positive curvature is not positive definite: minimum eigenvalue=-0.0584345.
ntsn_p5_moderate_balanced,4000,50,corrected_raw_failed,corrected_raw,0.75,,,,,,,,,,,,32.24252012500074,kmeans,-8.343020553715933,3.937843953139009e-06,12.0,12.0,True,0.29525,,,1.0,1.61927407439828,LinAlgError: Estimated positive curvature is not positive definite: minimum eigenvalue=-0.0119001.
ntsn_p5_moderate_balanced,4000,50,corrected_raw_failed,corrected_raw,1.0,,,,,,,,,,,,32.24252012500074,kmeans,-8.343020553715933,3.937843953139009e-06,12.0,12.0,True,0.29525,,,1.0,1.2957814512342356,LinAlgError: Estimated positive curvature is not positive definite: minimum eigenvalue=-0.00283536.
ntsn_p5_moderate_balanced,4000,56,corrected_raw_failed,corrected_raw,0.75,,,,,,,,,,,,28.60382103908341,gmm,-8.276192963452354,0.0,10.0,12.0,True,0.29125,,,1.0,1.0799855192118846,LinAlgError: Estimated positive curvature is not positive definite: minimum eigenvalue=-0.00623356.
ntsn_p5_moderate_balanced,4000,57,fit_or_naive_failed,fit,,,,,,,,,,,,,27.500163901015185,,,,,,,,,,,,LinAlgError: Estimated positive curvature is not positive definite: minimum eigenvalue=-0.00067673.
ntsn_p5_moderate_balanced,4000,59,fit_or_naive_failed,fit,,,,,,,,,,,,,27.261323370970786,,,,,,,,,,,,LinAlgError: Estimated positive curvature is not positive definite: minimum eigenvalue=-0.00487829.
ntsn_p5_moderate_balanced,4000,72,corrected_raw_failed,corrected_raw,0.75,,,,,,,,,,,,29.80753752903547,kmeans,-8.314622841250882,0.0036850704919739,12.0,12.0,True,0.29825,,,1.0,1.1295290202246084,LinAlgError: Estimated positive curvature is not positive definite: minimum eigenvalue=-0.00194103.
ntsn_p5_moderate_balanced,4000,72,corrected_raw_failed,corrected_raw,1.0,,,,,,,,,,,,29.80753752903547,kmeans,-8.314622841250882,0.0036850704919739,12.0,12.0,True,0.29825,,,1.0,1.006219532001251,LinAlgError: Estimated positive curvature is not positive definite: minimum eigenvalue=-7.94261e-05.
ntsn_p5_moderate_balanced,4000,73,fit_or_naive_failed,fit,,,,,,,,,,,,,31.671752861933783,,,,,,,,,,,,LinAlgError: Estimated positive curvature is not positive definite: minimum eigenvalue=-0.004044.
ntsn_p5_moderate_balanced,4000,76,corrected_raw_failed,corrected_raw,0.75,,,,,,,,,,,,28.6860860689776,kmeans,-8.288140173971486,0.0055233492333819,7.0,12.0,True,0.3035,,,1.0,1.4368073803587902,LinAlgError: Estimated positive curvature is not positive definite: minimum eigenvalue=-0.138434.
ntsn_p5_moderate_balanced,4000,76,corrected_raw_failed,corrected_raw,1.0,,,,,,,,,,,,28.6860860689776,kmeans,-8.288140173971486,0.0055233492333819,7.0,12.0,True,0.3035,,,1.0,1.3635825431928563,LinAlgError: Estimated positive curvature is not positive definite: minimum eigenvalue=-0.11191.
ntsn_p5_moderate_balanced,4000,76,corrected_raw_failed,corrected_raw,1.5,,,,,,,,,,,,28.6860860689776,kmeans,-8.288140173971486,0.0055233492333819,7.0,12.0,True,0.3035,,,1.0,1.179027905509067,LinAlgError: Estimated positive curvature is not positive definite: minimum eigenvalue=-0.0535614.
ntsn_p5_moderate_balanced,4000,79,corrected_raw_failed,corrected_raw,0.75,,,,,,,,,,,,26.95379190100357,kmeans,-8.301169097181369,0.0034938022151393,12.0,12.0,True,0.2995,,,1.0,1.5273226542081075,LinAlgError: Estimated positive curvature is not positive definite: minimum eigenvalue=-0.0875485.
ntsn_p5_moderate_balanced,4000,79,corrected_raw_failed,corrected_raw,1.0,,,,,,,,,,,,26.95379190100357,kmeans,-8.301169097181369,0.0034938022151393,12.0,12.0,True,0.2995,,,1.0,1.8181746633960705,LinAlgError: Estimated positive curvature is not positive definite: minimum eigenvalue=-0.151953.
ntsn_p5_moderate_balanced,4000,79,corrected_raw_failed,corrected_raw,1.5,,,,,,,,,,,,26.95379190100357,kmeans,-8.301169097181369,0.0034938022151393,12.0,12.0,True,0.2995,,,1.0,1.5467808218572845,LinAlgError: Estimated positive curvature is not positive definite: minimum eigenvalue=-0.0738293.
ntsn_p5_moderate_balanced,4000,85,corrected_raw_failed,corrected_raw,0.75,,,,,,,,,,,,27.983927457942627,gmm,-8.304468964354532,0.0,12.0,12.0,True,0.2955,,,1.0,1.00667546901421,LinAlgError: Estimated positive curvature is not positive definite: minimum eigenvalue=-0.0018381.
ntsn_p5_moderate_balanced,4000,88,fit_or_naive_failed,fit,,,,,,,,,,,,,31.71969108504709,,,,,,,,,,,,LinAlgError: Estimated positive curvature is not positive definite: minimum eigenvalue=-0.00278404.
ntsn_p5_moderate_balanced,4000,90,corrected_raw_failed,corrected_raw,0.75,,,,,,,,,,,,29.14592274604365,kmeans,-8.291577488712857,0.0049575850221845,9.0,12.0,True,0.31225,,,1.0,1.244935345713427,LinAlgError: Estimated positive curvature is not positive definite: minimum eigenvalue=-0.0700058.
ntsn_p5_moderate_balanced,4000,91,corrected_raw_failed,corrected_raw,0.75,,,,,,,,,,,,30.67208939907141,kmeans,-8.307115117609285,0.0012528081603111,11.0,12.0,True,0.28225,,,1.0,1.412370411857883,LinAlgError: Estimated positive curvature is not positive definite: minimum eigenvalue=-0.125139.
ntsn_p5_moderate_balanced,4000,91,corrected_raw_failed,corrected_raw,1.0,,,,,,,,,,,,30.67208939907141,kmeans,-8.307115117609285,0.0012528081603111,11.0,12.0,True,0.28225,,,1.0,1.1081317063070282,LinAlgError: Estimated positive curvature is not positive definite: minimum eigenvalue=-0.0271383.
ntsn_p5_moderate_balanced,4000,96,corrected_raw_failed,corrected_raw,1.5,,,,,,,,,,,,29.437059162999503,gmm,-8.276083821047214,6.839440574779587e-06,12.0,12.0,True,0.29425,,,1.0,1.305717897760283,LinAlgError: Estimated positive curvature is not positive definite: minimum eigenvalue=-0.0026194.
ntsn_p5_moderate_balanced,4000,98,corrected_raw_failed,corrected_raw,0.75,,,,,,,,,,,,27.73396891495213,gmm,-8.267626018544735,0.0,10.0,11.0,True,0.30275,,,1.0,1.364429768089646,LinAlgError: Estimated positive curvature is not positive definite: minimum eigenvalue=-0.043528.
ntsn_p5_moderate_balanced,4000,98,corrected_raw_failed,corrected_raw,1.0,,,,,,,,,,,,27.73396891495213,gmm,-8.267626018544735,0.0,10.0,11.0,True,0.30275,,,1.0,1.0497591669742916,LinAlgError: Estimated positive curvature is not positive definite: minimum eigenvalue=-0.00148644.
ntsn_p5_moderate_balanced,4000,99,corrected_raw_failed,corrected_raw,0.75,,,,,,,,,,,,31.00704617309384,kmeans,-8.298767897822028,0.0012366646715484,12.0,12.0,True,0.30075,,,1.0,1.1262568371615376,LinAlgError: Estimated positive curvature is not positive definite: minimum eigenvalue=-0.00141142.
ntsn_p5_moderate_balanced,4000,100,corrected_raw_failed,corrected_raw,0.75,,,,,,,,,,,,34.39888584299479,kmeans,-8.277795313018247,0.0006305520462728,12.0,12.0,True,0.29175,,,1.0,1.7029975355925182,LinAlgError: Estimated positive curvature is not positive definite: minimum eigenvalue=-0.00473657.
ntsn_p5_moderate_balanced,4000,100,corrected_raw_failed,corrected_raw,1.0,,,,,,,,,,,,34.39888584299479,kmeans,-8.277795313018247,0.0006305520462728,12.0,12.0,True,0.29175,,,1.0,1.401026056805366,LinAlgError: Estimated positive curvature is not positive definite: minimum eigenvalue=-0.0013378.
ntsn_p5_moderate_balanced,4000,100,corrected_raw_failed,corrected_raw,1.5,,,,,,,,,,,,34.39888584299479,kmeans,-8.277795313018247,0.0006305520462728,12.0,12.0,True,0.29175,,,1.0,1.028483768779848,LinAlgError: Estimated positive curvature is not positive definite: minimum eigenvalue=-5.15221e-05.
ntsn_p5_moderate_balanced,4000,102,fit_or_naive_failed,fit,,,,,,,,,,,,,27.366754014045,,,,,,,,,,,,LinAlgError: Estimated positive curvature is not positive definite: minimum eigenvalue=-3.74384e-05.
ntsn_p5_moderate_balanced,4000,105,fit_or_naive_failed,fit,,,,,,,,,,,,,28.92366167390719,,,,,,,,,,,,LinAlgError: Estimated positive curvature is not positive definite: minimum eigenvalue=-0.00408125.
ntsn_p5_moderate_balanced,4000,109,corrected_raw_failed,corrected_raw,0.75,,,,,,,,,,,,29.132671865052544,kmeans,-8.344336686855883,0.0015132130799511,10.0,12.0,True,0.296,,,1.0,1.7284099765648442,LinAlgError: Estimated positive curvature is not positive definite: minimum eigenvalue=-0.141135.
ntsn_p5_moderate_balanced,4000,109,corrected_raw_failed,corrected_raw,1.0,,,,,,,,,,,,29.132671865052544,kmeans,-8.344336686855883,0.0015132130799511,10.0,12.0,True,0.296,,,1.0,1.3440083155763634,LinAlgError: Estimated positive curvature is not positive definite: minimum eigenvalue=-0.0502358.
ntsn_p5_moderate_balanced,4000,113,corrected_raw_failed,corrected_raw,0.75,,,,,,,,,,,,29.372095011989583,kmeans,-8.28423443260903,0.004650721195496,11.0,12.0,True,0.308,,,1.0,1.1152942105553911,LinAlgError: Estimated positive curvature is not positive definite: minimum eigenvalue=-0.00243665.
ntsn_p5_moderate_balanced,4000,118,corrected_raw_failed,corrected_raw,0.75,,,,,,,,,,,,30.754300214000978,kmeans,-8.303813838189354,0.0003213584186436,12.0,12.0,True,0.2985,,,1.0,1.257274648285159,LinAlgError: Estimated positive curvature is not positive definite: minimum eigenvalue=-0.0646815.
ntsn_p5_moderate_balanced,4000,118,corrected_raw_failed,corrected_raw,1.0,,,,,,,,,,,,30.754300214000978,kmeans,-8.303813838189354,0.0003213584186436,12.0,12.0,True,0.2985,,,1.0,1.1804955552265706,LinAlgError: Estimated positive curvature is not positive definite: minimum eigenvalue=-0.0437762.
ntsn_p5_moderate_balanced,4000,122,corrected_raw_failed,corrected_raw,0.75,,,,,,,,,,,,27.167018514010124,gmm,-8.247147669302286,0.0,9.0,12.0,True,0.30225,,,1.0,1.0357989021574685,LinAlgError: Estimated positive curvature is not positive definite: minimum eigenvalue=-0.0113838.
ntsn_p5_moderate_balanced,4000,124,corrected_raw_failed,corrected_raw,0.75,,,,,,,,,,,,28.766030592960306,kmeans,-8.3248229449756,0.0076331767864932,10.0,12.0,True,0.2935,,,1.0,1.1100980119229062,LinAlgError: Estimated positive curvature is not positive definite: minimum eigenvalue=-0.00121576.
ntsn_p5_moderate_balanced,4000,125,corrected_raw_failed,corrected_raw,0.75,,,,,,,,,,,,46.04788596392609,kmeans,-8.343162181392188,0.0015177561787673,10.0,11.0,True,0.28875,,,1.0,1.077851657073354,LinAlgError: Estimated positive curvature is not positive definite: minimum eigenvalue=-0.0303463.
ntsn_p5_moderate_balanced,4000,127,corrected_raw_failed,corrected_raw,0.75,,,,,,,,,,,,27.610327699920163,kmeans,-8.33771697003204,2.179582993200313e-05,10.0,12.0,True,0.29175,,,1.0,1.132026748789534,LinAlgError: Estimated positive curvature is not positive definite: minimum eigenvalue=-0.00088475.
ntsn_p5_moderate_balanced,4000,127,corrected_raw_failed,corrected_raw,1.0,,,,,,,,,,,,27.610327699920163,kmeans,-8.33771697003204,2.179582993200313e-05,10.0,12.0,True,0.29175,,,1.0,1.0595767206456672,LinAlgError: Estimated positive curvature is not positive definite: minimum eigenvalue=-0.000304817.
ntsn_p5_moderate_balanced,4000,129,fit_or_naive_failed,fit,,,,,,,,,,,,,29.225566681008782,,,,,,,,,,,,LinAlgError: Estimated positive curvature is not positive definite: minimum eigenvalue=-0.000163297.
ntsn_p5_moderate_balanced,4000,130,fit_or_naive_failed,fit,,,,,,,,,,,,,29.544667663984,,,,,,,,,,,,LinAlgError: Estimated positive curvature is not positive definite: minimum eigenvalue=-0.000233722.
ntsn_p5_moderate_balanced,4000,132,corrected_raw_failed,corrected_raw,0.75,,,,,,,,,,,,27.411230045952838,kmeans,-8.291825947103476,0.0005636271230429,11.0,11.0,True,0.30225,,,1.0,2.953845478957009,LinAlgError: Estimated positive curvature is not positive definite: minimum eigenvalue=-0.00736563.
ntsn_p5_moderate_balanced,4000,132,corrected_raw_failed,corrected_raw,1.0,,,,,,,,,,,,27.411230045952838,kmeans,-8.291825947103476,0.0005636271230429,11.0,11.0,True,0.30225,,,1.0,2.467334065564057,LinAlgError: Estimated positive curvature is not positive definite: minimum eigenvalue=-0.00389189.
ntsn_p5_moderate_balanced,4000,132,corrected_raw_failed,corrected_raw,1.5,,,,,,,,,,,,27.411230045952838,kmeans,-8.291825947103476,0.0005636271230429,11.0,11.0,True,0.30225,,,1.0,1.87865976136495,LinAlgError: Estimated positive curvature is not positive definite: minimum eigenvalue=-0.00164141.
ntsn_p5_moderate_balanced,4000,140,corrected_raw_failed,corrected_raw,0.75,,,,,,,,,,,,31.356890646973625,kmeans,-8.272873553839485,0.0060291833781729,11.0,12.0,True,0.29875,,,1.0,1.098302016405778,LinAlgError: Estimated positive curvature is not positive definite: minimum eigenvalue=-0.0284342.
ntsn_p5_moderate_balanced,4000,141,fit_or_naive_failed,fit,,,,,,,,,,,,,28.71401674102526,,,,,,,,,,,,LinAlgError: Estimated positive curvature is not positive definite: minimum eigenvalue=-0.000458276.
ntsn_p5_moderate_balanced,4000,142,corrected_raw_failed,corrected_raw,0.75,,,,,,,,,,,,29.909664730075747,gmm,-8.29387806418688,0.0,12.0,12.0,True,0.297,,,1.0,1.0503321646620574,LinAlgError: Estimated positive curvature is not positive definite: minimum eigenvalue=-0.0096706.
ntsn_p5_moderate_balanced,4000,147,fit_or_naive_failed,fit,,,,,,,,,,,,,29.08277914498467,,,,,,,,,,,,LinAlgError: Estimated positive curvature is not positive definite: minimum eigenvalue=-0.000110816.
ntsn_p5_moderate_balanced,4000,150,corrected_raw_failed,corrected_raw,1.5,,,,,,,,,,,,34.346763965906575,kmeans,-8.310555104209586,4.029791254467341e-06,12.0,12.0,True,0.29425,,,1.0,1.110070978974961,LinAlgError: Estimated positive curvature is not positive definite: minimum eigenvalue=-0.00095192.
ntsn_p5_moderate_balanced,4000,151,corrected_raw_failed,corrected_raw,0.75,,,,,,,,,,,,29.136241514002904,kmeans,-8.263795046220181,0.0001563424039563,6.0,12.0,True,0.28825,,,1.0,1.3496212473082794,LinAlgError: Estimated positive curvature is not positive definite: minimum eigenvalue=-0.126394.
ntsn_p5_moderate_balanced,4000,151,corrected_raw_failed,corrected_raw,1.0,,,,,,,,,,,,29.136241514002904,kmeans,-8.263795046220181,0.0001563424039563,6.0,12.0,True,0.28825,,,1.0,1.2757679250189726,LinAlgError: Estimated positive curvature is not positive definite: minimum eigenvalue=-0.108039.
ntsn_p5_moderate_balanced,4000,151,corrected_raw_failed,corrected_raw,1.5,,,,,,,,,,,,29.136241514002904,kmeans,-8.263795046220181,0.0001563424039563,6.0,12.0,True,0.28825,,,1.0,1.0432810435842144,LinAlgError: Estimated positive curvature is not positive definite: minimum eigenvalue=-0.0096377.
ntsn_p5_moderate_balanced,4000,152,corrected_raw_failed,corrected_raw,1.5,,,,,,,,,,,,32.037918179063126,kmeans,-8.289458981188924,0.0016225355634844,10.0,12.0,True,0.30125,,,1.0,1.328276101221077,LinAlgError: Estimated positive curvature is not positive definite: minimum eigenvalue=-0.000255755.
ntsn_p5_moderate_balanced,4000,153,corrected_raw_failed,corrected_raw,0.75,,,,,,,,,,,,26.93087634199765,kmeans,-8.284941190271143,4.851924962423482e-05,11.0,12.0,True,0.29425,,,1.0,1.0077956206751304,LinAlgError: Estimated positive curvature is not positive definite: minimum eigenvalue=-3.06608e-05.
ntsn_p5_moderate_balanced,4000,155,corrected_raw_failed,corrected_raw,0.75,,,,,,,,,,,,29.270529562956654,kmeans,-8.274488660296555,0.0001943876180927,10.0,12.0,True,0.29375,,,1.0,1.2555183544632171,LinAlgError: Estimated positive curvature is not positive definite: minimum eigenvalue=-0.0016557.
ntsn_p5_moderate_balanced,4000,155,corrected_raw_failed,corrected_raw,1.0,,,,,,,,,,,,29.270529562956654,kmeans,-8.274488660296555,0.0001943876180927,10.0,12.0,True,0.29375,,,1.0,1.1097957529498292,LinAlgError: Estimated positive curvature is not positive definite: minimum eigenvalue=-0.000589221.
ntsn_p5_moderate_balanced,4000,156,corrected_raw_failed,corrected_raw,0.75,,,,,,,,,,,,28.537058563088067,kmeans,-8.290373813962683,0.0002616641931645,6.0,12.0,True,0.30025,,,1.0,1.0434062332441176,LinAlgError: Estimated positive curvature is not positive definite: minimum eigenvalue=-0.00539528.
ntsn_p5_moderate_balanced,4000,158,fit_or_naive_failed,fit,,,,,,,,,,,,,27.108963254024275,,,,,,,,,,,,LinAlgError: Estimated positive curvature is not positive definite: minimum eigenvalue=-0.000183745.
ntsn_p5_moderate_balanced,4000,165,corrected_raw_failed,corrected_raw,0.75,,,,,,,,,,,,26.40172748093028,gmm,-8.34957377366118,0.0001140938325185,9.0,12.0,True,0.30125,,,1.0,1.8055263639625336,LinAlgError: Estimated positive curvature is not positive definite: minimum eigenvalue=-0.000371105.
ntsn_p5_moderate_balanced,4000,165,corrected_raw_failed,corrected_raw,1.0,,,,,,,,,,,,26.40172748093028,gmm,-8.34957377366118,0.0001140938325185,9.0,12.0,True,0.30125,,,1.0,2.149904226241073,LinAlgError: Estimated positive curvature is not positive definite: minimum eigenvalue=-0.0015214.
ntsn_p5_moderate_balanced,4000,165,corrected_raw_failed,corrected_raw,1.5,,,,,,,,,,,,26.40172748093028,gmm,-8.34957377366118,0.0001140938325185,9.0,12.0,True,0.30125,,,1.0,2.325256513697167,LinAlgError: Estimated positive curvature is not positive definite: minimum eigenvalue=-0.00200692.
ntsn_p5_moderate_balanced,4000,170,corrected_raw_failed,corrected_raw,0.75,,,,,,,,,,,,28.39916688203812,kmeans,-8.330220692505224,0.0023604552676328,10.0,12.0,True,0.29825,,,1.0,1.8833880021581637,LinAlgError: Estimated positive curvature is not positive definite: minimum eigenvalue=-0.0026977.
ntsn_p5_moderate_balanced,4000,170,corrected_raw_failed,corrected_raw,1.0,,,,,,,,,,,,28.39916688203812,kmeans,-8.330220692505224,0.0023604552676328,10.0,12.0,True,0.29825,,,1.0,1.648883113836582,LinAlgError: Estimated positive curvature is not positive definite: minimum eigenvalue=-0.000894921.
ntsn_p5_moderate_balanced,4000,170,corrected_raw_failed,corrected_raw,1.5,,,,,,,,,,,,28.39916688203812,kmeans,-8.330220692505224,0.0023604552676328,10.0,12.0,True,0.29825,,,1.0,1.2589811162134712,LinAlgError: Estimated positive curvature is not positive definite: minimum eigenvalue=-0.000254942.
ntsn_p5_moderate_balanced,4000,184,corrected_raw_failed,corrected_raw,0.75,,,,,,,,,,,,25.46063502994366,kmeans,-8.298186885500446,0.0028848958217206,10.0,12.0,True,0.29975,,,1.0,1.2409604119161408,LinAlgError: Estimated positive curvature is not positive definite: minimum eigenvalue=-0.0097092.
ntsn_p5_moderate_balanced,4000,184,corrected_raw_failed,corrected_raw,1.0,,,,,,,,,,,,25.46063502994366,kmeans,-8.298186885500446,0.0028848958217206,10.0,12.0,True,0.29975,,,1.0,1.1092072197767098,LinAlgError: Estimated positive curvature is not positive definite: minimum eigenvalue=-0.0028636.
ntsn_p5_moderate_balanced,4000,185,corrected_raw_failed,corrected_raw,0.75,,,,,,,,,,,,28.710243194946088,kmeans,-8.344527616777969,0.0048221316312417,12.0,12.0,True,0.29875,,,1.0,1.3701087304085209,LinAlgError: Estimated positive curvature is not positive definite: minimum eigenvalue=-0.00898005.
ntsn_p5_moderate_balanced,4000,185,corrected_raw_failed,corrected_raw,1.0,,,,,,,,,,,,28.710243194946088,kmeans,-8.344527616777969,0.0048221316312417,12.0,12.0,True,0.29875,,,1.0,1.1062176013473493,LinAlgError: Estimated positive curvature is not positive definite: minimum eigenvalue=-0.00130315.
ntsn_p5_moderate_balanced,4000,191,corrected_raw_failed,corrected_raw,0.75,,,,,,,,,,,,29.71723472897429,kmeans,-8.304546158892117,0.0038146578744751,9.0,12.0,True,0.295,,,1.0,1.0537289426966745,LinAlgError: Estimated positive curvature is not positive definite: minimum eigenvalue=-0.00122134.
ntsn_p5_moderate_balanced,4000,195,corrected_raw_failed,corrected_raw,0.75,,,,,,,,,,,,28.27923992893193,kmeans,-8.340975134708655,0.0035277690669222,4.0,12.0,True,0.28125,,,1.0,1.0863425673527678,LinAlgError: Estimated positive curvature is not positive definite: minimum eigenvalue=-0.000828033.
ntsn_p5_moderate_balanced,4000,196,corrected_raw_failed,corrected_raw,0.75,,,,,,,,,,,,27.76879316405393,kmeans,-8.242686429164454,0.0005887051365807,9.0,12.0,True,0.29675,,,1.0,1.2476684408150565,LinAlgError: Estimated positive curvature is not positive definite: minimum eigenvalue=-0.0204764.
ntsn_p5_moderate_balanced,4000,196,corrected_raw_failed,corrected_raw,1.0,,,,,,,,,,,,27.76879316405393,kmeans,-8.242686429164454,0.0005887051365807,9.0,12.0,True,0.29675,,,1.0,1.0231457512897015,LinAlgError: Estimated positive curvature is not positive definite: minimum eigenvalue=-0.000356367.
ntsn_p5_moderate_balanced,4000,200,corrected_raw_failed,corrected_raw,0.75,,,,,,,,,,,,33.25325688603334,kmeans,-8.328802542599654,0.0046074898576513,8.0,12.0,True,0.29025,,,1.0,1.0616404478168573,LinAlgError: Estimated positive curvature is not positive definite: minimum eigenvalue=-0.00107537.
ntsn_p5_moderate_balanced,4000,202,fit_or_naive_failed,fit,,,,,,,,,,,,,29.240751179982908,,,,,,,,,,,,LinAlgError: Estimated positive curvature is not positive definite: minimum eigenvalue=-0.000302984.
ntsn_p5_moderate_balanced,4000,206,corrected_raw_failed,corrected_raw,0.75,,,,,,,,,,,,27.63639715895988,kmeans,-8.257618327347668,0.0045660330541466,7.0,12.0,True,0.29725,,,1.0,1.1207639570820818,LinAlgError: Estimated positive curvature is not positive definite: minimum eigenvalue=-0.00436489.
ntsn_p5_moderate_balanced,4000,210,corrected_raw_failed,corrected_raw,0.75,,,,,,,,,,,,30.12922736699693,kmeans,-8.323602876715642,0.0070739854527754,10.0,12.0,True,0.29725,,,1.0,1.070506853857761,LinAlgError: Estimated positive curvature is not positive definite: minimum eigenvalue=-0.00078478.
ntsn_p5_moderate_balanced,4000,212,corrected_raw_failed,corrected_raw,0.75,,,,,,,,,,,,28.880702613969333,kmeans,-8.270626517659563,0.0068355586364869,10.0,12.0,True,0.3,,,1.0,1.0280628099441718,LinAlgError: Estimated positive curvature is not positive definite: minimum eigenvalue=-0.000289344.
ntsn_p5_moderate_balanced,4000,212,corrected_raw_failed,corrected_raw,1.0,,,,,,,,,,,,28.880702613969333,kmeans,-8.270626517659563,0.0068355586364869,10.0,12.0,True,0.3,,,1.0,1.0716209110392376,LinAlgError: Estimated positive curvature is not positive definite: minimum eigenvalue=-0.00085624.
ntsn_p5_moderate_balanced,4000,214,corrected_raw_failed,corrected_raw,0.75,,,,,,,,,,,,30.24555470002815,kmeans,-8.327498142336776,0.0037599750009835,7.0,12.0,True,0.299,,,1.0,1.1972687566603104,LinAlgError: Estimated positive curvature is not positive definite: minimum eigenvalue=-0.000626831.
ntsn_p5_moderate_balanced,4000,214,corrected_raw_failed,corrected_raw,1.0,,,,,,,,,,,,30.24555470002815,kmeans,-8.327498142336776,0.0037599750009835,7.0,12.0,True,0.299,,,1.0,1.168691239989856,LinAlgError: Estimated positive curvature is not positive definite: minimum eigenvalue=-0.000457355.
ntsn_p5_moderate_balanced,4000,214,corrected_raw_failed,corrected_raw,1.5,,,,,,,,,,,,30.24555470002815,kmeans,-8.327498142336776,0.0037599750009835,7.0,12.0,True,0.299,,,1.0,1.1202541698551878,LinAlgError: Estimated positive curvature is not positive definite: minimum eigenvalue=-0.000290791.
ntsn_p5_moderate_balanced,4000,219,corrected_raw_failed,corrected_raw,0.75,,,,,,,,,,,,29.19074757490307,kmeans,-8.324232682813143,0.0066321101000621,10.0,12.0,True,0.29725,,,1.0,1.5384499676987846,LinAlgError: Estimated positive curvature is not positive definite: minimum eigenvalue=-0.183997.
ntsn_p5_moderate_balanced,4000,219,corrected_raw_failed,corrected_raw,1.0,,,,,,,,,,,,29.19074757490307,kmeans,-8.324232682813143,0.0066321101000621,10.0,12.0,True,0.29725,,,1.0,1.3099443806808773,LinAlgError: Estimated positive curvature is not positive definite: minimum eigenvalue=-0.0940116.
ntsn_p5_moderate_balanced,4000,223,corrected_raw_failed,corrected_raw,0.75,,,,,,,,,,,,30.84169352904428,kmeans,-8.326210441885399,0.0017513647400573,9.0,12.0,True,0.291,,,1.0,1.3737368520749669,LinAlgError: Estimated positive curvature is not positive definite: minimum eigenvalue=-0.0303346.
ntsn_p5_moderate_balanced,4000,223,corrected_raw_failed,corrected_raw,1.0,,,,,,,,,,,,30.84169352904428,kmeans,-8.326210441885399,0.0017513647400573,9.0,12.0,True,0.291,,,1.0,1.0638551398761835,LinAlgError: Estimated positive curvature is not positive definite: minimum eigenvalue=-0.0013391.
ntsn_p5_moderate_balanced,4000,224,corrected_raw_failed,corrected_raw,0.75,,,,,,,,,,,,30.11231800902169,gmm,-8.308323062049388,0.0,12.0,12.0,True,0.295,,,1.0,1.1900933894625891,LinAlgError: Estimated positive curvature is not positive definite: minimum eigenvalue=-0.0556539.
ntsn_p5_moderate_balanced,4000,224,corrected_raw_failed,corrected_raw,1.0,,,,,,,,,,,,30.11231800902169,gmm,-8.308323062049388,0.0,12.0,12.0,True,0.295,,,1.0,1.0005424681017767,LinAlgError: Estimated positive curvature is not positive definite: minimum eigenvalue=-2.79962e-05.
ntsn_p5_moderate_balanced,4000,227,corrected_raw_failed,corrected_raw,0.75,,,,,,,,,,,,28.920812360942364,kmeans,-8.226900347905339,0.0010176627798514,7.0,12.0,True,0.29725,,,1.0,1.1220143623317982,LinAlgError: Estimated positive curvature is not positive definite: minimum eigenvalue=-0.0355431.
ntsn_p5_moderate_balanced,4000,232,corrected_raw_failed,corrected_raw,0.75,,,,,,,,,,,,30.336530044907704,gmm,-8.34141365829646,0.0,12.0,12.0,True,0.285,,,1.0,1.5563412755896846,LinAlgError: Estimated positive curvature is not positive definite: minimum eigenvalue=-0.208056.
ntsn_p5_moderate_balanced,4000,232,corrected_raw_failed,corrected_raw,1.0,,,,,,,,,,,,30.336530044907704,gmm,-8.34141365829646,0.0,12.0,12.0,True,0.285,,,1.0,1.255912354025689,LinAlgError: Estimated positive curvature is not positive definite: minimum eigenvalue=-0.0905749.
ntsn_p5_moderate_balanced,4000,232,corrected_raw_failed,corrected_raw,1.5,,,,,,,,,,,,30.336530044907704,gmm,-8.34141365829646,0.0,12.0,12.0,True,0.285,,,1.0,1.1434094904822674,LinAlgError: Estimated positive curvature is not positive definite: minimum eigenvalue=-0.000101713.
ntsn_p5_moderate_balanced,4000,233,corrected_raw_failed,corrected_raw,0.75,,,,,,,,,,,,27.678533812984824,kmeans,-8.295765594648842,0.0070414653902837,7.0,12.0,True,0.30225,,,1.0,1.0323852548185877,LinAlgError: Estimated positive curvature is not positive definite: minimum eigenvalue=-0.00170363.
ntsn_p5_moderate_balanced,4000,237,corrected_raw_failed,corrected_raw,0.75,,,,,,,,,,,,26.828818078967743,kmeans,-8.34898642243484,0.0013779544278076,10.0,12.0,True,0.2985,,,1.0,1.850984019603949,LinAlgError: Estimated positive curvature is not positive definite: minimum eigenvalue=-0.0774141.
ntsn_p5_moderate_balanced,4000,237,corrected_raw_failed,corrected_raw,1.0,,,,,,,,,,,,26.828818078967743,kmeans,-8.34898642243484,0.0013779544278076,10.0,12.0,True,0.2985,,,1.0,1.449871568068672,LinAlgError: Estimated positive curvature is not positive definite: minimum eigenvalue=-0.0195292.
ntsn_p5_moderate_balanced,4000,237,corrected_raw_failed,corrected_raw,1.5,,,,,,,,,,,,26.828818078967743,kmeans,-8.34898642243484,0.0013779544278076,10.0,12.0,True,0.2985,,,1.0,1.0413630528327489,LinAlgError: Estimated positive curvature is not positive definite: minimum eigenvalue=-0.000680304.
ntsn_p5_moderate_balanced,4000,242,corrected_raw_failed,corrected_raw,0.75,,,,,,,,,,,,28.722196107031778,kmeans,-8.312321419087034,0.0016289267681628,12.0,12.0,True,0.29975,,,1.0,1.2091154512006386,LinAlgError: Estimated positive curvature is not positive definite: minimum eigenvalue=-0.0020135.
ntsn_p5_moderate_balanced,4000,242,corrected_raw_failed,corrected_raw,1.0,,,,,,,,,,,,28.722196107031778,kmeans,-8.312321419087034,0.0016289267681628,12.0,12.0,True,0.29975,,,1.0,1.147012779389946,LinAlgError: Estimated positive curvature is not positive definite: minimum eigenvalue=-0.00126534.
ntsn_p5_moderate_balanced,4000,242,corrected_raw_failed,corrected_raw,1.5,,,,,,,,,,,,28.722196107031778,kmeans,-8.312321419087034,0.0016289267681628,12.0,12.0,True,0.29975,,,1.0,1.3228355104811116,LinAlgError: Estimated positive curvature is not positive definite: minimum eigenvalue=-0.00116344.
ntsn_p5_moderate_balanced,4000,243,corrected_raw_failed,corrected_raw,0.75,,,,,,,,,,,,26.43831972090993,kmeans,-8.339067862292318,0.0075341020978818,6.0,12.0,True,0.2915,,,1.0,1.611758753716153,LinAlgError: Estimated positive curvature is not positive definite: minimum eigenvalue=-0.240063.
ntsn_p5_moderate_balanced,4000,243,corrected_raw_failed,corrected_raw,1.0,,,,,,,,,,,,26.43831972090993,kmeans,-8.339067862292318,0.0075341020978818,6.0,12.0,True,0.2915,,,1.0,1.262994976479236,LinAlgError: Estimated positive curvature is not positive definite: minimum eigenvalue=-0.0874366.
ntsn_p5_moderate_balanced,4000,244,corrected_raw_failed,corrected_raw,1.0,,,,,,,,,,,,28.63017603300977,kmeans,-8.292436866157866,0.0046180752179711,12.0,12.0,True,0.301,,,1.0,1.1258797164839218,LinAlgError: Estimated positive curvature is not positive definite: minimum eigenvalue=-0.00181118.
ntsn_p5_moderate_balanced,4000,244,corrected_raw_failed,corrected_raw,1.5,,,,,,,,,,,,28.63017603300977,kmeans,-8.292436866157866,0.0046180752179711,12.0,12.0,True,0.301,,,1.0,1.0350255574490457,LinAlgError: Estimated positive curvature is not positive definite: minimum eigenvalue=-0.00038502.
ntsn_p5_moderate_balanced,4000,246,fit_or_naive_failed,fit,,,,,,,,,,,,,29.269033689051867,,,,,,,,,,,,LinAlgError: Estimated positive curvature is not positive definite: minimum eigenvalue=-1.9108e-05.
ntsn_p5_moderate_balanced,4000,247,fit_or_naive_failed,fit,,,,,,,,,,,,,28.597734736977145,,,,,,,,,,,,LinAlgError: Estimated positive curvature is not positive definite: minimum eigenvalue=-0.00103561.
ntsn_p5_moderate_balanced,4000,250,corrected_raw_failed,corrected_raw,0.75,,,,,,,,,,,,32.68078684201464,kmeans,-8.271112071820397,0.0048866576659207,12.0,12.0,True,0.3045,,,1.0,1.2719964469381824,LinAlgError: Estimated positive curvature is not positive definite: minimum eigenvalue=-0.0848693.
ntsn_p5_moderate_balanced,4000,254,corrected_raw_failed,corrected_raw,0.75,,,,,,,,,,,,27.49625584308524,kmeans,-8.300633590624193,0.0057263028296397,8.0,12.0,True,0.2925,,,1.0,1.2254111790568558,LinAlgError: Estimated positive curvature is not positive definite: minimum eigenvalue=-0.00252677.
ntsn_p5_moderate_balanced,4000,254,corrected_raw_failed,corrected_raw,1.0,,,,,,,,,,,,27.49625584308524,kmeans,-8.300633590624193,0.0057263028296397,8.0,12.0,True,0.2925,,,1.0,1.017024115189969,LinAlgError: Estimated positive curvature is not positive definite: minimum eigenvalue=-0.000143498.
ntsn_p5_moderate_balanced,4000,257,corrected_raw_failed,corrected_raw,0.75,,,,,,,,,,,,31.44475299702026,kmeans,-8.30135343296784,6.860722723622814e-05,12.0,12.0,True,0.295,,,1.0,1.1493266736017476,LinAlgError: Estimated positive curvature is not positive definite: minimum eigenvalue=-0.0343963.
ntsn_p5_moderate_balanced,4000,258,fit_or_naive_failed,fit,,,,,,,,,,,,,27.92110055696685,,,,,,,,,,,,LinAlgError: Estimated positive curvature is not positive definite: minimum eigenvalue=-0.000450647.
ntsn_p5_moderate_balanced,4000,264,corrected_raw_failed,corrected_raw,0.75,,,,,,,,,,,,29.899130559992045,gmm,-8.29148850711036,0.0,11.0,12.0,True,0.29875,,,1.0,1.1747543345034002,LinAlgError: Estimated positive curvature is not positive definite: minimum eigenvalue=-0.00216621.
ntsn_p5_moderate_balanced,4000,265,corrected_raw_failed,corrected_raw,0.75,,,,,,,,,,,,29.247158128069717,kmeans,-8.266233371317995,0.003574308401907,12.0,12.0,True,0.30375,,,1.0,1.0384979918684831,LinAlgError: Estimated positive curvature is not positive definite: minimum eigenvalue=-0.00889362.
ntsn_p5_moderate_balanced,4000,275,corrected_raw_failed,corrected_raw,0.75,,,,,,,,,,,,34.34046082000714,kmeans,-8.366146745937447,0.0034076636832214,12.0,12.0,True,0.29625,,,1.0,1.0643573812751876,LinAlgError: Estimated positive curvature is not positive definite: minimum eigenvalue=-0.000773138.
ntsn_p5_moderate_balanced,4000,275,corrected_raw_failed,corrected_raw,1.0,,,,,,,,,,,,34.34046082000714,kmeans,-8.366146745937447,0.0034076636832214,12.0,12.0,True,0.29625,,,1.0,1.162245244016757,LinAlgError: Estimated positive curvature is not positive definite: minimum eigenvalue=-0.00270336.
ntsn_p5_moderate_balanced,4000,275,corrected_raw_failed,corrected_raw,1.5,,,,,,,,,,,,34.34046082000714,kmeans,-8.366146745937447,0.0034076636832214,12.0,12.0,True,0.29625,,,1.0,1.0933564347516298,LinAlgError: Estimated positive curvature is not positive definite: minimum eigenvalue=-0.00129088.
ntsn_p5_moderate_balanced,4000,277,corrected_raw_failed,corrected_raw,0.75,,,,,,,,,,,,26.852578600985,kmeans,-8.262245465740635,0.0019563317223116,6.0,12.0,True,0.28325,,,1.0,1.457691033542046,LinAlgError: Estimated positive curvature is not positive definite: minimum eigenvalue=-0.128732.
ntsn_p5_moderate_balanced,4000,277,corrected_raw_failed,corrected_raw,1.0,,,,,,,,,,,,26.852578600985,kmeans,-8.262245465740635,0.0019563317223116,6.0,12.0,True,0.28325,,,1.0,1.2630968656173724,LinAlgError: Estimated positive curvature is not positive definite: minimum eigenvalue=-0.0621383.
ntsn_p5_moderate_balanced,4000,277,corrected_raw_failed,corrected_raw,1.5,,,,,,,,,,,,26.852578600985,kmeans,-8.262245465740635,0.0019563317223116,6.0,12.0,True,0.28325,,,1.0,1.002521960144183,LinAlgError: Estimated positive curvature is not positive definite: minimum eigenvalue=-9.49822e-05.
ntsn_p5_moderate_balanced,4000,278,corrected_raw_failed,corrected_raw,0.75,,,,,,,,,,,,29.059618784929626,kmeans,-8.313851330116446,0.0072609691330871,12.0,12.0,True,0.3005,,,1.0,1.0063987404698933,LinAlgError: Estimated positive curvature is not positive definite: minimum eigenvalue=-0.000284812.
ntsn_p5_moderate_balanced,4000,279,corrected_raw_failed,corrected_raw,0.75,,,,,,,,,,,,27.64384710404556,gmm,-8.277455858681254,0.000119503448241,9.0,12.0,True,0.302,,,1.0,1.0151676409568289,LinAlgError: Estimated positive curvature is not positive definite: minimum eigenvalue=-0.000139976.
ntsn_p5_moderate_balanced,4000,280,corrected_raw_failed,corrected_raw,0.75,,,,,,,,,,,,29.257738371030428,kmeans,-8.232471446903695,0.0072544400431766,8.0,12.0,True,0.29675,,,1.0,1.0458712386232556,LinAlgError: Estimated positive curvature is not positive definite: minimum eigenvalue=-0.000578489.
ntsn_p5_moderate_balanced,4000,288,corrected_raw_failed,corrected_raw,1.0,,,,,,,,,,,,29.85438298608642,gmm,-8.310921518829781,0.0,12.0,12.0,True,0.28825,,,1.0,1.0011445099323084,LinAlgError: Estimated positive curvature is not positive definite: minimum eigenvalue=-1.74372e-05.
ntsn_p5_moderate_balanced,4000,289,fit_or_naive_failed,fit,,,,,,,,,,,,,31.14705584105104,,,,,,,,,,,,LinAlgError: Estimated positive curvature is not positive definite: minimum eigenvalue=-0.000351159.
ntsn_p5_moderate_balanced,4000,290,corrected_raw_failed,corrected_raw,0.75,,,,,,,,,,,,27.500260946922936,kmeans,-8.26055268376079,0.0038357490208973,11.0,11.0,True,0.302,,,1.0,1.0161700810254015,LinAlgError: Estimated positive curvature is not positive definite: minimum eigenvalue=-0.000180047.
ntsn_p5_moderate_balanced,4000,292,corrected_raw_failed,corrected_raw,0.75,,,,,,,,,,,,29.17158716602717,kmeans,-8.269881618342163,0.0008220212346525,12.0,12.0,True,0.31275,,,1.0,1.504553796585773,LinAlgError: Estimated positive curvature is not positive definite: minimum eigenvalue=-0.041545.
ntsn_p5_moderate_balanced,4000,292,corrected_raw_failed,corrected_raw,1.0,,,,,,,,,,,,29.17158716602717,kmeans,-8.269881618342163,0.0008220212346525,12.0,12.0,True,0.31275,,,1.0,1.2653621330017697,LinAlgError: Estimated positive curvature is not positive definite: minimum eigenvalue=-0.00848481.
ntsn_p5_moderate_balanced,4000,294,fit_or_naive_failed,fit,,,,,,,,,,,,,28.214335626922548,,,,,,,,,,,,LinAlgError: Estimated positive curvature is not positive definite: minimum eigenvalue=-0.00010223.
ntsn_p5_moderate_balanced,4000,295,corrected_raw_failed,corrected_raw,0.75,,,,,,,,,,,,30.786195975961164,kmeans,-8.290302132520134,0.0001289685630929,10.0,12.0,True,0.30775,,,1.0,1.2383160422717916,LinAlgError: Estimated positive curvature is not positive definite: minimum eigenvalue=-0.0689407.
ntsn_p5_moderate_balanced,4000,296,fit_or_naive_failed,fit,,,,,,,,,,,,,28.974525172030557,,,,,,,,,,,,LinAlgError: Estimated positive curvature is not positive definite: minimum eigenvalue=-7.99895e-05.
ntsn_p5_moderate_balanced,4000,297,fit_or_naive_failed,fit,,,,,,,,,,,,,27.557269454933703,,,,,,,,,,,,LinAlgError: Estimated positive curvature is not positive definite: minimum eigenvalue=-0.000454019.
ntsn_p5_moderate_balanced,4000,299,corrected_raw_failed,corrected_raw,0.75,,,,,,,,,,,,28.7111833760282,kmeans,-8.227494801007397,0.0012775479139524,7.0,12.0,True,0.2965,,,1.0,1.4191951851914568,LinAlgError: Estimated positive curvature is not positive definite: minimum eigenvalue=-0.0183401.
ntsn_p5_moderate_balanced,4000,299,corrected_raw_failed,corrected_raw,1.0,,,,,,,,,,,,28.7111833760282,kmeans,-8.227494801007397,0.0012775479139524,7.0,12.0,True,0.2965,,,1.0,1.133001678469725,LinAlgError: Estimated positive curvature is not positive definite: minimum eigenvalue=-0.00209542.
ntsn_p5_moderate_balanced,4000,300,corrected_raw_failed,corrected_raw,0.75,,,,,,,,,,,,30.939482668065462,kmeans,-8.284375787145533,8.232962084520068e-06,7.0,12.0,True,0.29425,,,1.0,1.1301780020724237,LinAlgError: Estimated positive curvature is not positive definite: minimum eigenvalue=-0.041288.
ntsn_p5_moderate_balanced,4000,304,corrected_raw_failed,corrected_raw,0.75,,,,,,,,,,,,27.392493833904155,kmeans,-8.289502752254322,2.1623677966431387e-05,8.0,12.0,True,0.29275,,,1.0,1.8412189686530291,LinAlgError: Estimated positive curvature is not positive definite: minimum eigenvalue=-0.218036.
ntsn_p5_moderate_balanced,4000,304,corrected_raw_failed,corrected_raw,1.0,,,,,,,,,,,,27.392493833904155,kmeans,-8.289502752254322,2.1623677966431387e-05,8.0,12.0,True,0.29275,,,1.0,1.4344173020021225,LinAlgError: Estimated positive curvature is not positive definite: minimum eigenvalue=-0.0934758.
ntsn_p5_moderate_balanced,4000,304,corrected_raw_failed,corrected_raw,1.5,,,,,,,,,,,,27.392493833904155,kmeans,-8.289502752254322,2.1623677966431387e-05,8.0,12.0,True,0.29275,,,1.0,1.04760382344642,LinAlgError: Estimated positive curvature is not positive definite: minimum eigenvalue=-0.00159013.
ntsn_p5_moderate_balanced,4000,306,corrected_raw_failed,corrected_raw,0.75,,,,,,,,,,,,26.351682294043712,kmeans,-8.313271593203527,0.0045093579372892,11.0,11.0,True,0.2965,,,1.0,1.0745707020599409,LinAlgError: Estimated positive curvature is not positive definite: minimum eigenvalue=-0.0269839.
ntsn_p5_moderate_balanced,4000,307,corrected_raw_failed,corrected_raw,0.75,,,,,,,,,,,,30.89248062903061,kmeans,-8.270951530706178,0.0001608256287592,12.0,12.0,True,0.29275,,,1.0,2.044436108532332,LinAlgError: Estimated positive curvature is not positive definite: minimum eigenvalue=-0.0666383.
ntsn_p5_moderate_balanced,4000,307,corrected_raw_failed,corrected_raw,1.0,,,,,,,,,,,,30.89248062903061,kmeans,-8.270951530706178,0.0001608256287592,12.0,12.0,True,0.29275,,,1.0,1.6823669029318276,LinAlgError: Estimated positive curvature is not positive definite: minimum eigenvalue=-0.0215064.
ntsn_p5_moderate_balanced,4000,307,corrected_raw_failed,corrected_raw,1.5,,,,,,,,,,,,30.89248062903061,kmeans,-8.270951530706178,0.0001608256287592,12.0,12.0,True,0.29275,,,1.0,1.21170952469683,LinAlgError: Estimated positive curvature is not positive definite: minimum eigenvalue=-0.00286718.
ntsn_p5_moderate_balanced,4000,312,corrected_raw_failed,corrected_raw,0.75,,,,,,,,,,,,28.00241409498267,kmeans,-8.294558836914982,8.082631569372722e-05,10.0,12.0,True,0.29825,,,1.0,1.2193914824294858,LinAlgError: Estimated positive curvature is not positive definite: minimum eigenvalue=-0.00509959.
ntsn_p5_moderate_balanced,4000,312,corrected_raw_failed,corrected_raw,1.0,,,,,,,,,,,,28.00241409498267,kmeans,-8.294558836914982,8.082631569372722e-05,10.0,12.0,True,0.29825,,,1.0,1.083693621755757,LinAlgError: Estimated positive curvature is not positive definite: minimum eigenvalue=-0.00135282.
ntsn_p5_moderate_balanced,4000,319,corrected_raw_failed,corrected_raw,0.75,,,,,,,,,,,,28.9088711750228,kmeans,-8.275140216359329,0.0021139075559517,6.0,12.0,True,0.29925,,,1.0,1.1330746753761984,LinAlgError: Estimated positive curvature is not positive definite: minimum eigenvalue=-0.000254287.
ntsn_p5_moderate_balanced,4000,319,corrected_raw_failed,corrected_raw,1.0,,,,,,,,,,,,28.9088711750228,kmeans,-8.275140216359329,0.0021139075559517,6.0,12.0,True,0.29925,,,1.0,1.1470576726290842,LinAlgError: Estimated positive curvature is not positive definite: minimum eigenvalue=-0.000241732.
ntsn_p5_moderate_balanced,4000,319,corrected_raw_failed,corrected_raw,1.5,,,,,,,,,,,,28.9088711750228,kmeans,-8.275140216359329,0.0021139075559517,6.0,12.0,True,0.29925,,,1.0,1.069906703823613,LinAlgError: Estimated positive curvature is not positive definite: minimum eigenvalue=-0.000102898.
ntsn_p5_moderate_balanced,4000,323,corrected_raw_failed,corrected_raw,0.75,,,,,,,,,,,,27.846034793066792,kmeans,-8.259084724510384,0.0012919205895673,9.0,9.0,True,0.29625,,,1.0,1.000637621200943,LinAlgError: Estimated positive curvature is not positive definite: minimum eigenvalue=-1.96371e-05.
ntsn_p5_moderate_balanced,4000,328,corrected_raw_failed,corrected_raw,0.75,,,,,,,,,,,,27.59088841394987,kmeans,-8.307163726665598,4.719067904090935e-05,9.0,12.0,True,0.28825,,,1.0,1.0962572487951296,LinAlgError: Estimated positive curvature is not positive definite: minimum eigenvalue=-0.0184315.
ntsn_p5_moderate_balanced,4000,328,corrected_raw_failed,corrected_raw,1.0,,,,,,,,,,,,27.59088841394987,kmeans,-8.307163726665598,4.719067904090935e-05,9.0,12.0,True,0.28825,,,1.0,1.074820724925516,LinAlgError: Estimated positive curvature is not positive definite: minimum eigenvalue=-0.0103279.
ntsn_p5_moderate_balanced,4000,329,corrected_raw_failed,corrected_raw,0.75,,,,,,,,,,,,29.247011477011256,kmeans,-8.337514172197722,0.0003554926499518,12.0,12.0,True,0.29225,,,1.0,1.0231915926294517,LinAlgError: Estimated positive curvature is not positive definite: minimum eigenvalue=-0.000297574.
ntsn_p5_moderate_balanced,4000,337,fit_or_naive_failed,fit,,,,,,,,,,,,,27.27815402799752,,,,,,,,,,,,LinAlgError: Estimated positive curvature is not positive definite: minimum eigenvalue=-0.0015688.
ntsn_p5_moderate_balanced,4000,344,fit_or_naive_failed,fit,,,,,,,,,,,,,28.65186892205384,,,,,,,,,,,,LinAlgError: Estimated positive curvature is not positive definite: minimum eigenvalue=-0.000759502.
ntsn_p5_moderate_balanced,4000,346,corrected_raw_failed,corrected_raw,0.75,,,,,,,,,,,,28.4202227210626,kmeans,-8.320572013564247,1.846620855872061e-05,12.0,12.0,True,0.3045,,,1.0,1.0218828491765142,LinAlgError: Estimated positive curvature is not positive definite: minimum eigenvalue=-0.00433935.
ntsn_p5_moderate_balanced,4000,354,fit_or_naive_failed,fit,,,,,,,,,,,,,28.13074425701052,,,,,,,,,,,,LinAlgError: Estimated positive curvature is not positive definite: minimum eigenvalue=-0.00157373.
ntsn_p5_moderate_balanced,4000,361,corrected_raw_failed,corrected_raw,0.75,,,,,,,,,,,,27.556075469008647,kmeans,-8.327741877512725,0.0074177855168606,9.0,12.0,True,0.30925,,,1.0,1.0114137990457752,LinAlgError: Estimated positive curvature is not positive definite: minimum eigenvalue=-0.00219747.
ntsn_p5_moderate_balanced,4000,363,corrected_raw_failed,corrected_raw,0.75,,,,,,,,,,,,31.163347520981915,kmeans,-8.339719775634654,2.626622453760774e-05,10.0,12.0,True,0.296,,,1.0,1.142261589619446,LinAlgError: Estimated positive curvature is not positive definite: minimum eigenvalue=-0.0108774.
ntsn_p5_moderate_balanced,4000,363,corrected_raw_failed,corrected_raw,1.0,,,,,,,,,,,,31.163347520981915,kmeans,-8.339719775634654,2.626622453760774e-05,10.0,12.0,True,0.296,,,1.0,1.017144849408797,LinAlgError: Estimated positive curvature is not positive definite: minimum eigenvalue=-3.31108e-05.
ntsn_p5_moderate_balanced,4000,364,fit_or_naive_failed,fit,,,,,,,,,,,,,27.213874823995862,,,,,,,,,,,,LinAlgError: Estimated positive curvature is not positive definite: minimum eigenvalue=-0.000169578.
ntsn_p5_moderate_balanced,4000,365,corrected_raw_failed,corrected_raw,0.75,,,,,,,,,,,,32.967804300948046,kmeans,-8.280222115354519,0.0012656215007531,11.0,12.0,True,0.2945,,,1.0,1.18526617218783,LinAlgError: Estimated positive curvature is not positive definite: minimum eigenvalue=-0.00141764.
ntsn_p5_moderate_balanced,4000,365,corrected_raw_failed,corrected_raw,1.0,,,,,,,,,,,,32.967804300948046,kmeans,-8.280222115354519,0.0012656215007531,11.0,12.0,True,0.2945,,,1.0,1.0413404384565044,LinAlgError: Estimated positive curvature is not positive definite: minimum eigenvalue=-0.000212211.
ntsn_p5_moderate_balanced,4000,369,corrected_raw_failed,corrected_raw,0.75,,,,,,,,,,,,28.459679378080185,kmeans,-8.279345322076109,0.0054699339633383,12.0,12.0,True,0.29925,,,1.0,1.8862218619612563,LinAlgError: Estimated positive curvature is not positive definite: minimum eigenvalue=-0.0845635.
ntsn_p5_moderate_balanced,4000,369,corrected_raw_failed,corrected_raw,1.0,,,,,,,,,,,,28.459679378080185,kmeans,-8.279345322076109,0.0054699339633383,12.0,12.0,True,0.29925,,,1.0,1.4869489550214596,LinAlgError: Estimated positive curvature is not positive definite: minimum eigenvalue=-0.0236086.
ntsn_p5_moderate_balanced,4000,369,corrected_raw_failed,corrected_raw,1.5,,,,,,,,,,,,28.459679378080185,kmeans,-8.279345322076109,0.0054699339633383,12.0,12.0,True,0.29925,,,1.0,1.1194583340444564,LinAlgError: Estimated positive curvature is not positive definite: minimum eigenvalue=-0.00268624.
ntsn_p5_moderate_balanced,4000,379,fit_or_naive_failed,fit,,,,,,,,,,,,,29.417224896955304,,,,,,,,,,,,LinAlgError: Estimated positive curvature is not positive definite: minimum eigenvalue=-0.0006876.
ntsn_p5_moderate_balanced,4000,381,corrected_raw_failed,corrected_raw,0.75,,,,,,,,,,,,27.19779683998786,kmeans,-8.317606631111913,0.0012836379952432,12.0,12.0,True,0.29875,,,1.0,2.938068906376514,LinAlgError: Estimated positive curvature is not positive definite: minimum eigenvalue=-0.00557167.
ntsn_p5_moderate_balanced,4000,381,corrected_raw_failed,corrected_raw,1.0,,,,,,,,,,,,27.19779683998786,kmeans,-8.317606631111913,0.0012836379952432,12.0,12.0,True,0.29875,,,1.0,2.318677614362186,LinAlgError: Estimated positive curvature is not positive definite: minimum eigenvalue=-0.00265537.
ntsn_p5_moderate_balanced,4000,381,corrected_raw_failed,corrected_raw,1.5,,,,,,,,,,,,27.19779683998786,kmeans,-8.317606631111913,0.0012836379952432,12.0,12.0,True,0.29875,,,1.0,1.8681303277602104,LinAlgError: Estimated positive curvature is not positive definite: minimum eigenvalue=-0.00129496.
ntsn_p5_moderate_balanced,4000,382,corrected_raw_failed,corrected_raw,0.75,,,,,,,,,,,,29.580772343091667,gmm,-8.342649486460974,0.0002107112529294,12.0,12.0,True,0.2865,,,1.0,1.067465678870354,LinAlgError: Estimated positive curvature is not positive definite: minimum eigenvalue=-0.0264574.
ntsn_p5_moderate_balanced,4000,386,corrected_raw_failed,corrected_raw,0.75,,,,,,,,,,,,27.55281886097509,kmeans,-8.299897757484082,0.0078776704580096,7.0,12.0,True,0.30525,,,1.0,1.9047989232988185,LinAlgError: Estimated positive curvature is not positive definite: minimum eigenvalue=-0.0814107.
ntsn_p5_moderate_balanced,4000,386,corrected_raw_failed,corrected_raw,1.0,,,,,,,,,,,,27.55281886097509,kmeans,-8.299897757484082,0.0078776704580096,7.0,12.0,True,0.30525,,,1.0,1.6325593839964707,LinAlgError: Estimated positive curvature is not positive definite: minimum eigenvalue=-0.0342674.
ntsn_p5_moderate_balanced,4000,386,corrected_raw_failed,corrected_raw,1.5,,,,,,,,,,,,27.55281886097509,kmeans,-8.299897757484082,0.0078776704580096,7.0,12.0,True,0.30525,,,1.0,1.8099766513790263,LinAlgError: Estimated positive curvature is not positive definite: minimum eigenvalue=-0.0596985.
ntsn_p5_moderate_balanced,4000,387,corrected_raw_failed,corrected_raw,0.75,,,,,,,,,,,,27.8408035520697,gmm,-8.296131145342654,5.361257017177934e-05,12.0,12.0,True,0.2885,,,1.0,1.938392067193322,LinAlgError: Estimated positive curvature is not positive definite: minimum eigenvalue=-0.00135009.
ntsn_p5_moderate_balanced,4000,387,corrected_raw_failed,corrected_raw,1.0,,,,,,,,,,,,27.8408035520697,gmm,-8.296131145342654,5.361257017177934e-05,12.0,12.0,True,0.2885,,,1.0,1.6190320284302646,LinAlgError: Estimated positive curvature is not positive definite: minimum eigenvalue=-0.000510878.
ntsn_p5_moderate_balanced,4000,387,corrected_raw_failed,corrected_raw,1.5,,,,,,,,,,,,27.8408035520697,gmm,-8.296131145342654,5.361257017177934e-05,12.0,12.0,True,0.2885,,,1.0,1.2280844965347963,LinAlgError: Estimated positive curvature is not positive definite: minimum eigenvalue=-0.000124072.
ntsn_p5_moderate_balanced,4000,390,corrected_raw_failed,corrected_raw,0.75,,,,,,,,,,,,28.10972965601832,gmm,-8.33263002490986,0.0,12.0,12.0,True,0.29275,,,1.0,1.334424782318245,LinAlgError: Estimated positive curvature is not positive definite: minimum eigenvalue=-0.00990334.
ntsn_p5_moderate_balanced,4000,390,corrected_raw_failed,corrected_raw,1.0,,,,,,,,,,,,28.10972965601832,gmm,-8.33263002490986,0.0,12.0,12.0,True,0.29275,,,1.0,1.072094909734968,LinAlgError: Estimated positive curvature is not positive definite: minimum eigenvalue=-0.000864552.
ntsn_p5_moderate_balanced,4000,395,corrected_raw_failed,corrected_raw,0.75,,,,,,,,,,,,28.556249249959365,kmeans,-8.312742987577355,0.0056682096087659,8.0,12.0,True,0.29775,,,1.0,1.1788164533752212,LinAlgError: Estimated positive curvature is not positive definite: minimum eigenvalue=-0.0548789.
ntsn_p5_moderate_balanced,4000,398,corrected_raw_failed,corrected_raw,0.75,,,,,,,,,,,,28.44229008094408,kmeans,-8.29127533126883,4.379944885357645e-05,7.0,12.0,True,0.283,,,1.0,1.399836688013946,LinAlgError: Estimated positive curvature is not positive definite: minimum eigenvalue=-0.0127422.
ntsn_p5_moderate_balanced,4000,398,corrected_raw_failed,corrected_raw,1.0,,,,,,,,,,,,28.44229008094408,kmeans,-8.29127533126883,4.379944885357645e-05,7.0,12.0,True,0.283,,,1.0,1.1422588633674893,LinAlgError: Estimated positive curvature is not positive definite: minimum eigenvalue=-0.00247258.
ntsn_p5_moderate_balanced,4000,400,fit_or_naive_failed,fit,,,,,,,,,,,,,30.056361795053817,,,,,,,,,,,,LinAlgError: Estimated positive curvature is not positive definite: minimum eigenvalue=-0.000296635.
ntsn_p5_moderate_balanced,4000,402,corrected_raw_failed,corrected_raw,0.75,,,,,,,,,,,,28.78263608494308,kmeans,-8.26794729781322,0.004236808908784,6.0,12.0,True,0.30175,,,1.0,1.1499950216782495,LinAlgError: Estimated positive curvature is not positive definite: minimum eigenvalue=-0.040495.
ntsn_p5_moderate_balanced,4000,406,fit_or_naive_failed,fit,,,,,,,,,,,,,29.513819152023643,,,,,,,,,,,,LinAlgError: Estimated positive curvature is not positive definite: minimum eigenvalue=-0.000841455.
ntsn_p5_moderate_balanced,4000,412,corrected_raw_failed,corrected_raw,0.75,,,,,,,,,,,,30.65071092697326,kmeans,-8.31212587968999,0.000213806958671,12.0,12.0,True,0.29925,,,1.0,1.384607717511507,LinAlgError: Estimated positive curvature is not positive definite: minimum eigenvalue=-0.00213828.
ntsn_p5_moderate_balanced,4000,412,corrected_raw_failed,corrected_raw,1.0,,,,,,,,,,,,30.65071092697326,kmeans,-8.31212587968999,0.000213806958671,12.0,12.0,True,0.29925,,,1.0,1.0698912734126025,LinAlgError: Estimated positive curvature is not positive definite: minimum eigenvalue=-0.000273956.
ntsn_p5_moderate_balanced,4000,413,corrected_raw_failed,corrected_raw,0.75,,,,,,,,,,,,29.45876878802665,kmeans,-8.28639141386801,0.0021323033223552,11.0,12.0,True,0.293,,,1.0,1.0109651608897203,LinAlgError: Estimated positive curvature is not positive definite: minimum eigenvalue=-7.51828e-05.
ntsn_p5_moderate_balanced,4000,418,corrected_raw_failed,corrected_raw,0.75,,,,,,,,,,,,27.660418202984147,gmm,-8.347984776864287,0.0,11.0,12.0,True,0.2965,,,1.0,1.9341740302562576,LinAlgError: Estimated positive curvature is not positive definite: minimum eigenvalue=-0.317118.
ntsn_p5_moderate_balanced,4000,418,corrected_raw_failed,corrected_raw,1.0,,,,,,,,,,,,27.660418202984147,gmm,-8.347984776864287,0.0,11.0,12.0,True,0.2965,,,1.0,1.5594756965847212,LinAlgError: Estimated positive curvature is not positive definite: minimum eigenvalue=-0.178854.
ntsn_p5_moderate_balanced,4000,418,corrected_raw_failed,corrected_raw,1.5,,,,,,,,,,,,27.660418202984147,gmm,-8.347984776864287,0.0,11.0,12.0,True,0.2965,,,1.0,1.363250167513269,LinAlgError: Estimated positive curvature is not positive definite: minimum eigenvalue=-0.0277451.
ntsn_p5_moderate_balanced,4000,420,corrected_raw_failed,corrected_raw,0.75,,,,,,,,,,,,28.963868233026005,kmeans,-8.339361292416688,0.0043017972981758,10.0,12.0,True,0.29925,,,1.0,1.3706596309238264,LinAlgError: Estimated positive curvature is not positive definite: minimum eigenvalue=-0.149526.
ntsn_p5_moderate_balanced,4000,420,corrected_raw_failed,corrected_raw,1.0,,,,,,,,,,,,28.963868233026005,kmeans,-8.339361292416688,0.0043017972981758,10.0,12.0,True,0.29925,,,1.0,1.0870425826826144,LinAlgError: Estimated positive curvature is not positive definite: minimum eigenvalue=-0.0315458.
ntsn_p5_moderate_balanced,4000,421,corrected_raw_failed,corrected_raw,0.75,,,,,,,,,,,,27.42210162698757,kmeans,-8.30150963421942,2.939545442082192e-05,9.0,12.0,True,0.2935,,,1.0,1.6571908022767468,LinAlgError: Estimated positive curvature is not positive definite: minimum eigenvalue=-0.158984.
ntsn_p5_moderate_balanced,4000,421,corrected_raw_failed,corrected_raw,1.0,,,,,,,,,,,,27.42210162698757,kmeans,-8.30150963421942,2.939545442082192e-05,9.0,12.0,True,0.2935,,,1.0,1.334820015574999,LinAlgError: Estimated positive curvature is not positive definite: minimum eigenvalue=-0.071464.
ntsn_p5_moderate_balanced,4000,421,corrected_raw_failed,corrected_raw,1.5,,,,,,,,,,,,27.42210162698757,kmeans,-8.30150963421942,2.939545442082192e-05,9.0,12.0,True,0.2935,,,1.0,1.0351509773533596,LinAlgError: Estimated positive curvature is not positive definite: minimum eigenvalue=-0.000241283.
ntsn_p5_moderate_balanced,4000,426,corrected_raw_failed,corrected_raw,0.75,,,,,,,,,,,,32.93794861598872,kmeans,-8.362542872511607,4.695605881721576e-05,12.0,12.0,True,0.29775,,,1.0,1.192894424261983,LinAlgError: Estimated positive curvature is not positive definite: minimum eigenvalue=-0.0637932.
ntsn_p5_moderate_balanced,4000,426,corrected_raw_failed,corrected_raw,1.0,,,,,,,,,,,,32.93794861598872,kmeans,-8.362542872511607,4.695605881721576e-05,12.0,12.0,True,0.29775,,,1.0,1.0528484027750673,LinAlgError: Estimated positive curvature is not positive definite: minimum eigenvalue=-0.0123928.
ntsn_p5_moderate_balanced,4000,427,corrected_raw_failed,corrected_raw,0.75,,,,,,,,,,,,27.08232882001903,kmeans,-8.284570180176235,0.0009640219711091,12.0,12.0,True,0.29025,,,1.0,1.0025133783043856,LinAlgError: Estimated positive curvature is not positive definite: minimum eigenvalue=-7.55386e-05.
ntsn_p5_moderate_balanced,4000,428,corrected_raw_failed,corrected_raw,0.75,,,,,,,,,,,,27.457499555079263,kmeans,-8.378435782861034,0.0024640006649683,7.0,11.0,True,0.29175,,,1.0,2.3057480006120668,LinAlgError: Estimated positive curvature is not positive definite: minimum eigenvalue=-0.000820634.
ntsn_p5_moderate_balanced,4000,428,corrected_raw_failed,corrected_raw,1.0,,,,,,,,,,,,27.457499555079263,kmeans,-8.378435782861034,0.0024640006649683,7.0,11.0,True,0.29175,,,1.0,3.14287818254786,LinAlgError: Estimated positive curvature is not positive definite: minimum eigenvalue=-0.000743628.
ntsn_p5_moderate_balanced,4000,428,corrected_raw_failed,corrected_raw,1.5,,,,,,,,,,,,27.457499555079263,kmeans,-8.378435782861034,0.0024640006649683,7.0,11.0,True,0.29175,,,1.0,3.906107844941903,LinAlgError: Estimated positive curvature is not positive definite: minimum eigenvalue=-0.000867308.
ntsn_p5_moderate_balanced,4000,429,corrected_raw_failed,corrected_raw,0.75,,,,,,,,,,,,29.856017322978005,kmeans,-8.26851635723036,0.0030248137007671,8.0,12.0,True,0.30675,,,1.0,1.6709858639619015,LinAlgError: Estimated positive curvature is not positive definite: minimum eigenvalue=-0.0603833.
ntsn_p5_moderate_balanced,4000,429,corrected_raw_failed,corrected_raw,1.0,,,,,,,,,,,,29.856017322978005,kmeans,-8.26851635723036,0.0030248137007671,8.0,12.0,True,0.30675,,,1.0,1.4633079661705972,LinAlgError: Estimated positive curvature is not positive definite: minimum eigenvalue=-0.0278201.
ntsn_p5_moderate_balanced,4000,429,corrected_raw_failed,corrected_raw,1.5,,,,,,,,,,,,29.856017322978005,kmeans,-8.26851635723036,0.0030248137007671,8.0,12.0,True,0.30675,,,1.0,1.1374513756410631,LinAlgError: Estimated positive curvature is not positive definite: minimum eigenvalue=-0.00357317.
ntsn_p5_moderate_balanced,4000,430,fit_or_naive_failed,fit,,,,,,,,,,,,,27.115459940047003,,,,,,,,,,,,LinAlgError: Estimated positive curvature is not positive definite: minimum eigenvalue=-0.000622759.
ntsn_p5_moderate_balanced,4000,432,corrected_raw_failed,corrected_raw,0.75,,,,,,,,,,,,27.721339597948827,kmeans,-8.280232045554607,0.0036677711269028,12.0,12.0,True,0.29275,,,1.0,1.349503453789193,LinAlgError: Estimated positive curvature is not positive definite: minimum eigenvalue=-0.0730875.
ntsn_p5_moderate_balanced,4000,432,corrected_raw_failed,corrected_raw,1.0,,,,,,,,,,,,27.721339597948827,kmeans,-8.280232045554607,0.0036677711269028,12.0,12.0,True,0.29275,,,1.0,1.1031410856799668,LinAlgError: Estimated positive curvature is not positive definite: minimum eigenvalue=-0.00453042.
ntsn_p5_moderate_balanced,4000,435,corrected_raw_failed,corrected_raw,0.75,,,,,,,,,,,,28.503525223000903,kmeans,-8.316900378926576,0.0038560937726153,9.0,12.0,True,0.30425,,,1.0,1.198801733243804,LinAlgError: Estimated positive curvature is not positive definite: minimum eigenvalue=-0.0486792.
ntsn_p5_moderate_balanced,4000,437,corrected_raw_failed,corrected_raw,0.75,,,,,,,,,,,,32.65934172901325,kmeans,-8.323789964043899,0.0046369779137762,12.0,12.0,True,0.298,,,1.0,1.0675469050950457,LinAlgError: Estimated positive curvature is not positive definite: minimum eigenvalue=-0.00806602.
ntsn_p5_moderate_balanced,4000,441,corrected_raw_failed,corrected_raw,0.75,,,,,,,,,,,,28.59752920095343,kmeans,-8.32419549646172,0.0024572795250517,6.0,12.0,True,0.29225,,,1.0,1.722800389203341,LinAlgError: Estimated positive curvature is not positive definite: minimum eigenvalue=-0.0214987.
ntsn_p5_moderate_balanced,4000,441,corrected_raw_failed,corrected_raw,1.0,,,,,,,,,,,,28.59752920095343,kmeans,-8.32419549646172,0.0024572795250517,6.0,12.0,True,0.29225,,,1.0,1.776628649034929,LinAlgError: Estimated positive curvature is not positive definite: minimum eigenvalue=-0.0262111.
ntsn_p5_moderate_balanced,4000,441,corrected_raw_failed,corrected_raw,1.5,,,,,,,,,,,,28.59752920095343,kmeans,-8.32419549646172,0.0024572795250517,6.0,12.0,True,0.29225,,,1.0,1.4376563494898875,LinAlgError: Estimated positive curvature is not positive definite: minimum eigenvalue=-0.00693755.
ntsn_p5_moderate_balanced,4000,450,corrected_raw_failed,corrected_raw,0.75,,,,,,,,,,,,30.52122077101376,kmeans,-8.312221598175311,0.0011556805263559,8.0,12.0,True,0.2985,,,1.0,1.4435964709541222,LinAlgError: Estimated positive curvature is not positive definite: minimum eigenvalue=-0.00848181.
ntsn_p5_moderate_balanced,4000,450,corrected_raw_failed,corrected_raw,1.0,,,,,,,,,,,,30.52122077101376,kmeans,-8.312221598175311,0.0011556805263559,8.0,12.0,True,0.2985,,,1.0,1.2230865620799536,LinAlgError: Estimated positive curvature is not positive definite: minimum eigenvalue=-0.00254687.
ntsn_p5_moderate_balanced,4000,452,fit_or_naive_failed,fit,,,,,,,,,,,,,29.46132515394129,,,,,,,,,,,,LinAlgError: Estimated positive curvature is not positive definite: minimum eigenvalue=-0.000851838.
ntsn_p5_moderate_balanced,4000,455,corrected_raw_failed,corrected_raw,0.75,,,,,,,,,,,,29.84524104103912,kmeans,-8.270742282917178,0.0006860009821103,12.0,12.0,True,0.301,,,1.0,1.3926553533348074,LinAlgError: Estimated positive curvature is not positive definite: minimum eigenvalue=-0.0462223.
ntsn_p5_moderate_balanced,4000,455,corrected_raw_failed,corrected_raw,1.0,,,,,,,,,,,,29.84524104103912,kmeans,-8.270742282917178,0.0006860009821103,12.0,12.0,True,0.301,,,1.0,1.0791883423933897,LinAlgError: Estimated positive curvature is not positive definite: minimum eigenvalue=-0.00195151.
ntsn_p5_moderate_balanced,4000,460,corrected_raw_failed,corrected_raw,0.75,,,,,,,,,,,,32.189761193003505,kmeans,-8.30931193652927,0.0095085239822303,12.0,12.0,True,0.2975,,,1.0,1.0202126035548518,LinAlgError: Estimated positive curvature is not positive definite: minimum eigenvalue=-0.000338563.
ntsn_p5_moderate_balanced,4000,461,corrected_raw_failed,corrected_raw,0.75,,,,,,,,,,,,30.470502822077837,kmeans,-8.26465011072559,0.0086230848467412,12.0,12.0,True,0.303,,,1.0,1.6172539086346314,LinAlgError: Estimated positive curvature is not positive definite: minimum eigenvalue=-0.157256.
ntsn_p5_moderate_balanced,4000,461,corrected_raw_failed,corrected_raw,1.0,,,,,,,,,,,,30.470502822077837,kmeans,-8.26465011072559,0.0086230848467412,12.0,12.0,True,0.303,,,1.0,1.378093505045983,LinAlgError: Estimated positive curvature is not positive definite: minimum eigenvalue=-0.0902965.
ntsn_p5_moderate_balanced,4000,461,corrected_raw_failed,corrected_raw,1.5,,,,,,,,,,,,30.470502822077837,kmeans,-8.26465011072559,0.0086230848467412,12.0,12.0,True,0.303,,,1.0,1.0217847932791064,LinAlgError: Estimated positive curvature is not positive definite: minimum eigenvalue=-0.00352532.
ntsn_p5_moderate_balanced,4000,468,fit_or_naive_failed,fit,,,,,,,,,,,,,29.67249212996103,,,,,,,,,,,,LinAlgError: Estimated positive curvature is not positive definite: minimum eigenvalue=-0.00228371.
ntsn_p5_moderate_balanced,4000,472,corrected_raw_failed,corrected_raw,0.75,,,,,,,,,,,,30.780847648973577,gmm,-8.284184512469718,0.000509257264122,7.0,12.0,True,0.29325,,,1.0,1.0696613968953828,LinAlgError: Estimated positive curvature is not positive definite: minimum eigenvalue=-0.000112181.
ntsn_p5_moderate_balanced,4000,473,fit_or_naive_failed,fit,,,,,,,,,,,,,27.56957546400372,,,,,,,,,,,,LinAlgError: Estimated positive curvature is not positive definite: minimum eigenvalue=-0.000121969.
ntsn_p5_moderate_balanced,4000,474,fit_or_naive_failed,fit,,,,,,,,,,,,,28.468309196992777,,,,,,,,,,,,LinAlgError: Estimated positive curvature is not positive definite: minimum eigenvalue=-0.000333627.
ntsn_p5_moderate_balanced,4000,475,corrected_raw_failed,corrected_raw,0.75,,,,,,,,,,,,27.946878887014464,kmeans,-8.296815351269604,0.0004630416490858,6.0,12.0,True,0.301,,,1.0,1.007842691991162,LinAlgError: Estimated positive curvature is not positive definite: minimum eigenvalue=-0.000254909.
ntsn_p5_moderate_balanced,4000,476,corrected_raw_failed,corrected_raw,0.75,,,,,,,,,,,,27.804036716930568,kmeans,-8.286311351446045,0.0003490795173046,12.0,12.0,True,0.28825,,,1.0,1.2164003211830068,LinAlgError: Estimated positive curvature is not positive definite: minimum eigenvalue=-0.0615134.
ntsn_p5_moderate_balanced,4000,476,corrected_raw_failed,corrected_raw,1.0,,,,,,,,,,,,27.804036716930568,kmeans,-8.286311351446045,0.0003490795173046,12.0,12.0,True,0.28825,,,1.0,1.1251338981589585,LinAlgError: Estimated positive curvature is not positive definite: minimum eigenvalue=-0.0349178.
ntsn_p5_moderate_balanced,4000,477,corrected_raw_failed,corrected_raw,0.75,,,,,,,,,,,,27.696307927952148,kmeans,-8.292216418832053,0.0042637892133257,7.0,12.0,True,0.29125,,,1.0,1.2592351002271611,LinAlgError: Estimated positive curvature is not positive definite: minimum eigenvalue=-0.0966981.
ntsn_p5_moderate_balanced,4000,477,corrected_raw_failed,corrected_raw,1.0,,,,,,,,,,,,27.696307927952148,kmeans,-8.292216418832053,0.0042637892133257,7.0,12.0,True,0.29125,,,1.0,1.0079985623047871,LinAlgError: Estimated positive curvature is not positive definite: minimum eigenvalue=-0.0012507.
ntsn_p5_moderate_balanced,4000,481,fit_or_naive_failed,fit,,,,,,,,,,,,,30.68601853598375,,,,,,,,,,,,LinAlgError: Estimated positive curvature is not positive definite: minimum eigenvalue=-0.00314738.
ntsn_p5_moderate_balanced,4000,486,fit_or_naive_failed,fit,,,,,,,,,,,,,30.17574139905628,,,,,,,,,,,,LinAlgError: Estimated positive curvature is not positive definite: minimum eigenvalue=-1.16744e-05.
ntsn_p5_moderate_balanced,4000,496,fit_or_naive_failed,fit,,,,,,,,,,,,,28.674628588021733,,,,,,,,,,,,LinAlgError: Estimated positive curvature is not positive definite: minimum eigenvalue=-0.000497779.
ntsn_p5_moderate_balanced,4000,498,fit_or_naive_failed,fit,,,,,,,,,,,,,28.016835835995156,,,,,,,,,,,,LinAlgError: Estimated positive curvature is not positive definite: minimum eigenvalue=-0.000215026.
